<!DOCTYPE CHATLOG SYSTEM 'chatlog.dtd'>
<CHATLOG>
<PREDATOR>
<FIRSTNAME>Robertto</FIRSTNAME>
<LASTNAME>Rosas</LASTNAME>
<STATEDNAME>carlos</STATEDNAME>
<STATEDAGE>23</STATEDAGE>
<AGE>23</AGE>
<GENDER>Male</GENDER>
<RACE>Hispanic</RACE>
<CITY>Jackson</CITY>
<STATE>MS</STATE>
<REPEATOFFENDER>true</REPEATOFFENDER>
<ADMITGUILT>true</ADMITGUILT>
<TRUTHFULNAME>false</TRUTHFULNAME>
<SCREENNAME>
<USERNAME>corazon23456partio23456</USERNAME>
<HOST></HOST>
</SCREENNAME>
</PREDATOR>
<VICTIM>
<FIRSTNAME>Cheyenne</FIRSTNAME>
<LASTNAME>White</LASTNAME>
<STATEDNAME>Heather</STATEDNAME>
<STATEDAGE>13</STATEDAGE>
<GENDER>Female</GENDER>
<RACE></RACE>
<CITY></CITY>
<STATE>MS</STATE>
<PREVIOUSVICTIMIZATION>false</PREVIOUSVICTIMIZATION>
<ADMITGUILT>false</ADMITGUILT>
<SCREENNAME>
<USERNAME>heather_sk8s</USERNAME>
<HOST></HOST>
</SCREENNAME>
</VICTIM>
<CODINGVERSION>
<NAME>corazon23456partio23456.emjakubowski.coded.txt</NAME>
<CODER>emjakubowski</CODER>
</CODINGVERSION>
<POST>
<USERNAME>heather_sk8s</USERNAME>
<DATETIME>(3:56:41 pm)</DATETIME>
<BODY>hey there asl</BODY>
<COMMENT></COMMENT>
</POST>
<POST>
<USERNAME>corazon23456partio23456</USERNAME>
<DATETIME>(3:56:58 pm)</DATETIME>
<BODY>23 male from jackson ms</BODY>
<COMMENT></COMMENT>
<CODING>
<VERSION>corazon23456partio23456.emjakubowski.coded.txt</VERSION>
<CATEGORY>200</CATEGORY>
<TONE>3</TONE>
</CODING>
</POST>
<POST>
<USERNAME>heather_sk8s</USERNAME>
<DATETIME>(3:57:14 pm)</DATETIME>
<BODY>13/f/ms</BODY>
<COMMENT></COMMENT>
</POST>
<POST>
<USERNAME>corazon23456partio23456</USERNAME>
<DATETIME>(3:57:21 pm)</DATETIME>
<BODY>ok</BODY>
<COMMENT></COMMENT>
</POST>
<POST>
<USERNAME>corazon23456partio23456</USERNAME>
<DATETIME>(3:57:38 pm)</DATETIME>
<BODY>so whats up</BODY>
<COMMENT></COMMENT>
</POST>
<POST>
<USERNAME>heather_sk8s</USERNAME>
<DATETIME>(3:57:42 pm)</DATETIME>
<BODY>nothing</BODY>
<COMMENT></COMMENT>
</POST>
<POST>
<USERNAME>heather_sk8s</USERNAME>
<DATETIME>(3:57:45 pm)</DATETIME>
<BODY>just hangin</BODY>
<COMMENT></COMMENT>
</POST>
<POST>
<USERNAME>corazon23456partio23456</USERNAME>
<DATETIME>(3:57:57 pm)</DATETIME>
<BODY>yeah</BODY>
<COMMENT></COMMENT>
</POST>
<POST>
<USERNAME>corazon23456partio23456</USERNAME>
<DATETIME>(3:58:00 pm)</DATETIME>
<BODY>sounds fun</BODY>
<COMMENT></COMMENT>
</POST>
<POST>
<USERNAME>heather_sk8s</USERNAME>
<DATETIME>(3:58:09 pm)</DATETIME>
<BODY>u?</BODY>
<COMMENT></COMMENT>
</POST>
<POST>
<USERNAME>corazon23456partio23456</USERNAME>
<DATETIME>(3:58:16 pm)</DATETIME>
<BODY>not a lot</BODY>
<COMMENT></COMMENT>
</POST>
<POST>
<USERNAME>corazon23456partio23456</USERNAME>
<DATETIME>(3:58:20 pm)</DATETIME>
<BODY>just chillin</BODY>
<COMMENT></COMMENT>
</POST>
<POST>
<USERNAME>heather_sk8s</USERNAME>
<DATETIME>(3:58:43 pm)</DATETIME>
<BODY>cool cool</BODY>
<COMMENT></COMMENT>
</POST>
<POST>
<USERNAME>corazon23456partio23456</USERNAME>
<DATETIME>(3:58:53 pm)</DATETIME>
<BODY>so what do you do for fun</BODY>
<COMMENT></COMMENT>
<CODING>
<VERSION>corazon23456partio23456.emjakubowski.coded.txt</VERSION>
<CATEGORY>200</CATEGORY>
<TONE>2</TONE>
</CODING>
</POST>
<POST>
<USERNAME>heather_sk8s</USERNAME>
<DATETIME>(3:59:06 pm)</DATETIME>
<BODY>i just moved here from nh</BODY>
<COMMENT></COMMENT>
</POST>
<POST>
<USERNAME>heather_sk8s</USERNAME>
<DATETIME>(3:59:10 pm)</DATETIME>
<BODY>not a lot</BODY>
<COMMENT></COMMENT>
</POST>
<POST>
<USERNAME>corazon23456partio23456</USERNAME>
<DATETIME>(3:59:19 pm)</DATETIME>
<BODY>yeah</BODY>
<COMMENT></COMMENT>
</POST>
<POST>
<USERNAME>corazon23456partio23456</USERNAME>
<DATETIME>(3:59:22 pm)</DATETIME>
<BODY>cool</BODY>
<COMMENT></COMMENT>
</POST>
<POST>
<USERNAME>corazon23456partio23456</USERNAME>
<DATETIME>(3:59:39 pm)</DATETIME>
<BODY>what make you move here to ms</BODY>
<COMMENT></COMMENT>
</POST>
<POST>
<USERNAME>heather_sk8s</USERNAME>
<DATETIME>(4:00:46 pm)</DATETIME>
<BODY>mom</BODY>
<COMMENT></COMMENT>
</POST>
<POST>
<USERNAME>corazon23456partio23456</USERNAME>
<DATETIME>(4:00:50 pm)</DATETIME>
<BODY>ok</BODY>
<COMMENT></COMMENT>
</POST>
<POST>
<USERNAME>corazon23456partio23456</USERNAME>
<DATETIME>(4:01:10 pm)</DATETIME>
<BODY>how long you have been here in ms</BODY>
<COMMENT></COMMENT>
</POST>
<POST>
<USERNAME>heather_sk8s</USERNAME>
<DATETIME>(4:01:19 pm)</DATETIME>
<BODY>about 2 weeks</BODY>
<COMMENT></COMMENT>
</POST>
<POST>
<USERNAME>heather_sk8s</USERNAME>
<DATETIME>(4:01:20 pm)</DATETIME>
<BODY>lol</BODY>
<COMMENT></COMMENT>
</POST>
<POST>
<USERNAME>heather_sk8s</USERNAME>
<DATETIME>(4:01:33 pm)</DATETIME>
<BODY>my mom wanted to be with her bfriend</BODY>
<COMMENT></COMMENT>
</POST>
<POST>
<USERNAME>corazon23456partio23456</USERNAME>
<DATETIME>(4:01:35 pm)</DATETIME>
<BODY>not too long ago</BODY>
<COMMENT></COMMENT>
</POST>
<POST>
<USERNAME>corazon23456partio23456</USERNAME>
<DATETIME>(4:01:44 pm)</DATETIME>
<BODY>i see</BODY>
<COMMENT></COMMENT>
</POST>
<POST>
<USERNAME>corazon23456partio23456</USERNAME>
<DATETIME>(4:01:50 pm)</DATETIME>
<BODY>you like here?</BODY>
<COMMENT></COMMENT>
</POST>
<POST>
<USERNAME>heather_sk8s</USERNAME>
<DATETIME>(4:01:57 pm)</DATETIME>
<BODY>eh</BODY>
<COMMENT></COMMENT>
</POST>
<POST>
<USERNAME>corazon23456partio23456</USERNAME>
<DATETIME>(4:02:22 pm)</DATETIME>
<BODY>how you like ms</BODY>
<COMMENT></COMMENT>
</POST>
<POST>
<USERNAME>heather_sk8s</USERNAME>
<DATETIME>(4:02:32 pm)</DATETIME>
<BODY>it's hot!!</BODY>
<COMMENT></COMMENT>
</POST>
<POST>
<USERNAME>corazon23456partio23456</USERNAME>
<DATETIME>(4:02:39 pm)</DATETIME>
<BODY>yeah i know</BODY>
<COMMENT></COMMENT>
</POST>
<POST>
<USERNAME>corazon23456partio23456</USERNAME>
<DATETIME>(4:02:47 pm)</DATETIME>
<BODY>wait till summer come</BODY>
<COMMENT></COMMENT>
</POST>
<POST>
<USERNAME>heather_sk8s</USERNAME>
<DATETIME>(4:02:57 pm)</DATETIME>
<BODY>yucky</BODY>
<COMMENT></COMMENT>
</POST>
<POST>
<USERNAME>heather_sk8s</USERNAME>
<DATETIME>(4:03:04 pm)</DATETIME>
<BODY>i relly dont no any 1</BODY>
<COMMENT></COMMENT>
</POST>
<POST>
<USERNAME>corazon23456partio23456</USERNAME>
<DATETIME>(4:03:26 pm)</DATETIME>
<BODY>what part of ms you live</BODY>
<COMMENT></COMMENT>
<CODING>
<VERSION>corazon23456partio23456.emjakubowski.coded.txt</VERSION>
<CATEGORY>200</CATEGORY>
<TONE>2</TONE>
</CODING>
</POST>
<POST>
<USERNAME>heather_sk8s</USERNAME>
<DATETIME>(4:03:40 pm)</DATETIME>
<BODY>jackson</BODY>
<COMMENT></COMMENT>
</POST>
<POST>
<USERNAME>heather_sk8s</USERNAME>
<DATETIME>(4:03:42 pm)</DATETIME>
<BODY>area</BODY>
<COMMENT></COMMENT>
</POST>
<POST>
<USERNAME>corazon23456partio23456</USERNAME>
<DATETIME>(4:03:47 pm)</DATETIME>
<BODY>kool</BODY>
<COMMENT></COMMENT>
</POST>
<POST>
<USERNAME>corazon23456partio23456</USERNAME>
<DATETIME>(4:04:02 pm)</DATETIME>
<BODY>i live in clinton</BODY>
<COMMENT></COMMENT>
<CODING>
<VERSION>corazon23456partio23456.emjakubowski.coded.txt</VERSION>
<CATEGORY>200</CATEGORY>
<TONE>1</TONE>
</CODING>
</POST>
<POST>
<USERNAME>heather_sk8s</USERNAME>
<DATETIME>(4:04:19 pm)</DATETIME>
<BODY>what do u do for fun in clntn?</BODY>
<COMMENT></COMMENT>
</POST>
<POST>
<USERNAME>corazon23456partio23456</USERNAME>
<DATETIME>(4:04:26 pm)</DATETIME>
<BODY>not a lot</BODY>
<COMMENT></COMMENT>
</POST>
<POST>
<USERNAME>corazon23456partio23456</USERNAME>
<DATETIME>(4:04:31 pm)</DATETIME>
<BODY>go to the movies</BODY>
<COMMENT></COMMENT>
<CODING>
<VERSION>corazon23456partio23456.emjakubowski.coded.txt</VERSION>
<CATEGORY>200</CATEGORY>
<TONE>3</TONE>
</CODING>
</POST>
<POST>
<USERNAME>corazon23456partio23456</USERNAME>
<DATETIME>(4:04:41 pm)</DATETIME>
<BODY>hang out with friends</BODY>
<COMMENT></COMMENT>
<CODING>
<VERSION>corazon23456partio23456.emjakubowski.coded.txt</VERSION>
<CATEGORY>200</CATEGORY>
<TONE>3</TONE>
</CODING>
</POST>
<POST>
<USERNAME>corazon23456partio23456</USERNAME>
<DATETIME>(4:04:46 pm)</DATETIME>
<BODY>listening music</BODY>
<COMMENT></COMMENT>
<CODING>
<VERSION>corazon23456partio23456.emjakubowski.coded.txt</VERSION>
<CATEGORY>200</CATEGORY>
<TONE>3</TONE>
</CODING>
</POST>
<POST>
<USERNAME>heather_sk8s</USERNAME>
<DATETIME>(4:04:49 pm)</DATETIME>
<BODY>kewl</BODY>
<COMMENT></COMMENT>
</POST>
<POST>
<USERNAME>corazon23456partio23456</USERNAME>
<DATETIME>(4:04:51 pm)</DATETIME>
<BODY>work in the summer</BODY>
<COMMENT></COMMENT>
</POST>
<POST>
<USERNAME>corazon23456partio23456</USERNAME>
<DATETIME>(4:04:54 pm)</DATETIME>
<BODY>lol</BODY>
<COMMENT></COMMENT>
</POST>
<POST>
<USERNAME>heather_sk8s</USERNAME>
<DATETIME>(4:05:42 pm)</DATETIME>
<BODY>what do u do?</BODY>
<COMMENT></COMMENT>
</POST>
<POST>
<USERNAME>corazon23456partio23456</USERNAME>
<DATETIME>(4:06:08 pm)</DATETIME>
<BODY>i work in a restaurant</BODY>
<COMMENT></COMMENT>
</POST>
<POST>
<USERNAME>corazon23456partio23456</USERNAME>
<DATETIME>(4:06:12 pm)</DATETIME>
<BODY>with my friends</BODY>
<COMMENT></COMMENT>
</POST>
<POST>
<USERNAME>heather_sk8s</USERNAME>
<DATETIME>(4:06:15 pm)</DATETIME>
<BODY>kewl</BODY>
<COMMENT></COMMENT>
</POST>
<POST>
<USERNAME>corazon23456partio23456</USERNAME>
<DATETIME>(4:06:54 pm)</DATETIME>
<BODY>so what you do in you free time</BODY>
<COMMENT></COMMENT>
</POST>
<POST>
<USERNAME>heather_sk8s</USERNAME>
<DATETIME>(4:07:00 pm)</DATETIME>
<BODY>unpack</BODY>
<COMMENT></COMMENT>
</POST>
<POST>
<USERNAME>heather_sk8s</USERNAME>
<DATETIME>(4:07:05 pm)</DATETIME>
<BODY>fix my room</BODY>
<COMMENT></COMMENT>
</POST>
<POST>
<USERNAME>corazon23456partio23456</USERNAME>
<DATETIME>(4:07:11 pm)</DATETIME>
<BODY>yeah</BODY>
<COMMENT></COMMENT>
</POST>
<POST>
<USERNAME>heather_sk8s</USERNAME>
<DATETIME>(4:07:15 pm)</DATETIME>
<BODY>fight wit my moms bfriend</BODY>
<COMMENT></COMMENT>
</POST>
<POST>
<USERNAME>heather_sk8s</USERNAME>
<DATETIME>(4:07:16 pm)</DATETIME>
<BODY>lol</BODY>
<COMMENT></COMMENT>
</POST>
<POST>
<USERNAME>corazon23456partio23456</USERNAME>
<DATETIME>(4:07:21 pm)</DATETIME>
<BODY>lol</BODY>
<COMMENT></COMMENT>
</POST>
<POST>
<USERNAME>corazon23456partio23456</USERNAME>
<DATETIME>(4:07:57 pm)</DATETIME>
<BODY>you have a pic</BODY>
<COMMENT></COMMENT>
<CODING>
<VERSION>corazon23456partio23456.emjakubowski.coded.txt</VERSION>
<CATEGORY>200</CATEGORY>
<TONE>2</TONE>
</CODING>
</POST>
<POST>
<USERNAME>heather_sk8s</USERNAME>
<DATETIME>(4:08:17 pm)</DATETIME>
<BODY>just in my profile</BODY>
<COMMENT></COMMENT>
</POST>
<POST>
<USERNAME>corazon23456partio23456</USERNAME>
<DATETIME>(4:08:58 pm)</DATETIME>
<BODY>pretty pic</BODY>
<COMMENT></COMMENT>
</POST>
<POST>
<USERNAME>heather_sk8s</USERNAME>
<DATETIME>(4:09:06 pm)</DATETIME>
<BODY>ty</BODY>
<COMMENT></COMMENT>
</POST>
<POST>
<USERNAME>corazon23456partio23456</USERNAME>
<DATETIME>(4:09:11 pm)</DATETIME>
<BODY>yw</BODY>
<COMMENT></COMMENT>
</POST>
<POST>
<USERNAME>corazon23456partio23456</USERNAME>
<DATETIME>(4:10:42 pm)</DATETIME>
<BODY>you have more family here in ms</BODY>
<COMMENT></COMMENT>
</POST>
<POST>
<USERNAME>heather_sk8s</USERNAME>
<DATETIME>(4:10:56 pm)</DATETIME>
<BODY>nope</BODY>
<COMMENT></COMMENT>
</POST>
<POST>
<USERNAME>heather_sk8s</USERNAME>
<DATETIME>(4:11:03 pm)</DATETIME>
<BODY>just mom's dopey bf</BODY>
<COMMENT></COMMENT>
</POST>
<POST>
<USERNAME>corazon23456partio23456</USERNAME>
<DATETIME>(4:11:17 pm)</DATETIME>
<BODY>lol</BODY>
<COMMENT></COMMENT>
</POST>
<POST>
<USERNAME>corazon23456partio23456</USERNAME>
<DATETIME>(4:11:21 pm)</DATETIME>
<BODY>dopey?</BODY>
<COMMENT></COMMENT>
</POST>
<POST>
<USERNAME>heather_sk8s</USERNAME>
<DATETIME>(4:11:51 pm)</DATETIME>
<BODY>i hate him</BODY>
<COMMENT></COMMENT>
</POST>
<POST>
<USERNAME>heather_sk8s</USERNAME>
<DATETIME>(4:11:58 pm)</DATETIME>
<BODY>he takes my mom away all the time</BODY>
<COMMENT></COMMENT>
</POST>
<POST>
<USERNAME>heather_sk8s</USERNAME>
<DATETIME>(4:12:03 pm)</DATETIME>
<BODY>i get bored</BODY>
<COMMENT></COMMENT>
</POST>
<POST>
<USERNAME>corazon23456partio23456</USERNAME>
<DATETIME>(4:12:24 pm)</DATETIME>
<BODY>yeah</BODY>
<COMMENT></COMMENT>
</POST>
<POST>
<USERNAME>heather_sk8s</USERNAME>
<DATETIME>(4:12:38 pm)</DATETIME>
<BODY>yeah</BODY>
<COMMENT></COMMENT>
</POST>
<POST>
<USERNAME>heather_sk8s</USERNAME>
<DATETIME>(4:12:58 pm)</DATETIME>
<BODY>he's taking her on a vacaton for 4th july and wont take me</BODY>
<COMMENT></COMMENT>
</POST>
<POST>
<USERNAME>heather_sk8s</USERNAME>
<DATETIME>(4:13:04 pm)</DATETIME>
<BODY>for a week!!!</BODY>
<COMMENT></COMMENT>
</POST>
<POST>
<USERNAME>corazon23456partio23456</USERNAME>
<DATETIME>(4:13:09 pm)</DATETIME>
<BODY>dang</BODY>
<COMMENT></COMMENT>
</POST>
<POST>
<USERNAME>corazon23456partio23456</USERNAME>
<DATETIME>(4:13:23 pm)</DATETIME>
<BODY>they going to live you alone at you house</BODY>
<COMMENT></COMMENT>
<CODING>
<VERSION>corazon23456partio23456.emjakubowski.coded.txt</VERSION>
<CATEGORY>900</CATEGORY>
<TONE>2</TONE>
</CODING>
</POST>
<POST>
<USERNAME>corazon23456partio23456</USERNAME>
<DATETIME>(4:13:26 pm)</DATETIME>
<BODY>why?</BODY>
<COMMENT></COMMENT>
</POST>
<POST>
<USERNAME>heather_sk8s</USERNAME>
<DATETIME>(4:13:27 pm)</DATETIME>
<BODY>at leest i get the house to myself</BODY>
<COMMENT></COMMENT>
</POST>
<POST>
<USERNAME>heather_sk8s</USERNAME>
<DATETIME>(4:13:35 pm)</DATETIME>
<BODY>i'm not a baby dood</BODY>
<COMMENT></COMMENT>
</POST>
<POST>
<USERNAME>corazon23456partio23456</USERNAME>
<DATETIME>(4:13:40 pm)</DATETIME>
<BODY>ok</BODY>
<COMMENT></COMMENT>
</POST>
<POST>
<USERNAME>heather_sk8s</USERNAME>
<DATETIME>(4:13:41 pm)</DATETIME>
<BODY>i always stay alone</BODY>
<COMMENT></COMMENT>
</POST>
<POST>
<USERNAME>heather_sk8s</USERNAME>
<DATETIME>(4:13:48 pm)</DATETIME>
<BODY>no biggie</BODY>
<COMMENT></COMMENT>
</POST>
<POST>
<USERNAME>heather_sk8s</USERNAME>
<DATETIME>(4:13:49 pm)</DATETIME>
<BODY>altho</BODY>
<COMMENT></COMMENT>
</POST>
<POST>
<USERNAME>heather_sk8s</USERNAME>
<DATETIME>(4:13:52 pm)</DATETIME>
<BODY>she never went</BODY>
<COMMENT></COMMENT>
</POST>
<POST>
<USERNAME>heather_sk8s</USERNAME>
<DATETIME>(4:13:56 pm)</DATETIME>
<BODY>for a week</BODY>
<COMMENT></COMMENT>
</POST>
<POST>
<USERNAME>heather_sk8s</USERNAME>
<DATETIME>(4:14:17 pm)</DATETIME>
<BODY>actually only 5 days - she doeznt want me to be alone</BODY>
<COMMENT></COMMENT>
</POST>
<POST>
<USERNAME>corazon23456partio23456</USERNAME>
<DATETIME>(4:14:39 pm)</DATETIME>
<BODY>ok</BODY>
<COMMENT></COMMENT>
</POST>
<POST>
<USERNAME>corazon23456partio23456</USERNAME>
<DATETIME>(4:14:58 pm)</DATETIME>
<BODY>what you planning to do all that week?</BODY>
<COMMENT></COMMENT>
<CODING>
<VERSION>corazon23456partio23456.emjakubowski.coded.txt</VERSION>
<CATEGORY>900</CATEGORY>
<TONE>2</TONE>
</CODING>
</POST>
<POST>
<USERNAME>heather_sk8s</USERNAME>
<DATETIME>(4:16:07 pm)</DATETIME>
<BODY>get a tan!!!!</BODY>
<COMMENT></COMMENT>
</POST>
<POST>
<USERNAME>corazon23456partio23456</USERNAME>
<DATETIME>(4:16:16 pm)</DATETIME>
<BODY>kool</BODY>
<COMMENT></COMMENT>
</POST>
<POST>
<USERNAME>heather_sk8s</USERNAME>
<DATETIME>(4:16:46 pm)</DATETIME>
<BODY>they're not going far -- just casino in nj</BODY>
<COMMENT></COMMENT>
</POST>
<POST>
<USERNAME>corazon23456partio23456</USERNAME>
<DATETIME>(4:17:13 pm)</DATETIME>
<BODY>kool</BODY>
<COMMENT></COMMENT>
</POST>
<POST>
<USERNAME>heather_sk8s</USERNAME>
<DATETIME>(4:17:25 pm)</DATETIME>
<BODY>i almost had to go to nh and stay with my dad</BODY>
<COMMENT></COMMENT>
</POST>
<POST>
<USERNAME>heather_sk8s</USERNAME>
<DATETIME>(4:17:29 pm)</DATETIME>
<BODY>but i talked her out of it</BODY>
<COMMENT></COMMENT>
</POST>
<POST>
<USERNAME>heather_sk8s</USERNAME>
<DATETIME>(4:17:38 pm)</DATETIME>
<BODY>i dont have parties</BODY>
<COMMENT></COMMENT>
</POST>
<POST>
<USERNAME>heather_sk8s</USERNAME>
<DATETIME>(4:19:34 pm)</DATETIME>
<BODY>do u have any pics?</BODY>
<COMMENT></COMMENT>
</POST>
<POST>
<USERNAME>heather_sk8s</USERNAME>
<DATETIME>(4:30:08 pm)</DATETIME>
<BODY>r u there</BODY>
<COMMENT></COMMENT>
</POST>
<POST>
<USERNAME>heather_sk8s</USERNAME>
<DATETIME>(4:30:12 pm)</DATETIME>
<BODY>i got booted!</BODY>
<COMMENT></COMMENT>
</POST>
<POST>
<USERNAME>heather_sk8s</USERNAME>
<DATETIME>(4:30:14 pm)</DATETIME>
<BODY></BODY>
<COMMENT></COMMENT>
</POST>
<POST>
<USERNAME>corazon23456partio23456</USERNAME>
<DATETIME>(4:31:30 pm)</DATETIME>
<BODY>its fine</BODY>
<COMMENT></COMMENT>
</POST>
<POST>
<USERNAME>corazon23456partio23456</USERNAME>
<DATETIME>(4:31:34 pm)</DATETIME>
<BODY>im here</BODY>
<COMMENT></COMMENT>
</POST>
<POST>
<USERNAME>heather_sk8s</USERNAME>
<DATETIME>(4:31:51 pm)</DATETIME>
<BODY>cool</BODY>
<COMMENT></COMMENT>
</POST>
<POST>
<USERNAME>heather_sk8s</USERNAME>
<DATETIME>(4:31:59 pm)</DATETIME>
<BODY>what is yer first name?</BODY>
<COMMENT></COMMENT>
</POST>
<POST>
<USERNAME>corazon23456partio23456</USERNAME>
<DATETIME>(4:32:11 pm)</DATETIME>
<BODY>carlos</BODY>
<COMMENT></COMMENT>
<CODING>
<VERSION>corazon23456partio23456.emjakubowski.coded.txt</VERSION>
<CATEGORY>200</CATEGORY>
<TONE>3</TONE>
</CODING>
</POST>
<POST>
<USERNAME>heather_sk8s</USERNAME>
<DATETIME>(4:32:23 pm)</DATETIME>
<BODY>i like that name</BODY>
<COMMENT></COMMENT>
</POST>
<POST>
<USERNAME>corazon23456partio23456</USERNAME>
<DATETIME>(4:32:45 pm)</DATETIME>
<BODY>kool</BODY>
<COMMENT></COMMENT>
</POST>
<POST>
<USERNAME>corazon23456partio23456</USERNAME>
<DATETIME>(4:33:00 pm)</DATETIME>
<BODY>whats yor name</BODY>
<COMMENT></COMMENT>
<CODING>
<VERSION>corazon23456partio23456.emjakubowski.coded.txt</VERSION>
<CATEGORY>200</CATEGORY>
<TONE>2</TONE>
</CODING>
</POST>
<POST>
<USERNAME>heather_sk8s</USERNAME>
<DATETIME>(4:33:07 pm)</DATETIME>
<BODY>heather</BODY>
<COMMENT></COMMENT>
</POST>
<POST>
<USERNAME>heather_sk8s</USERNAME>
<DATETIME>(4:33:08 pm)</DATETIME>
<BODY>silly</BODY>
<COMMENT></COMMENT>
</POST>
<POST>
<USERNAME>corazon23456partio23456</USERNAME>
<DATETIME>(4:33:15 pm)</DATETIME>
<BODY>lol</BODY>
<COMMENT></COMMENT>
</POST>
<POST>
<USERNAME>corazon23456partio23456</USERNAME>
<DATETIME>(4:33:55 pm)</DATETIME>
<BODY>so what you doing this weekend</BODY>
<COMMENT></COMMENT>
</POST>
<POST>
<USERNAME>heather_sk8s</USERNAME>
<DATETIME>(4:34:21 pm)</DATETIME>
<BODY>my mom is taking me shpping for bathing suit</BODY>
<COMMENT></COMMENT>
</POST>
<POST>
<USERNAME>corazon23456partio23456</USERNAME>
<DATETIME>(4:34:38 pm)</DATETIME>
<BODY>nice</BODY>
<COMMENT></COMMENT>
</POST>
<POST>
<USERNAME>heather_sk8s</USERNAME>
<DATETIME>(4:34:46 pm)</DATETIME>
<BODY>yeah</BODY>
<COMMENT></COMMENT>
</POST>
<POST>
<USERNAME>heather_sk8s</USERNAME>
<DATETIME>(4:34:56 pm)</DATETIME>
<BODY>i think she feelz guilty!!!! hee hee hee</BODY>
<COMMENT></COMMENT>
</POST>
<POST>
<USERNAME>corazon23456partio23456</USERNAME>
<DATETIME>(4:35:04 pm)</DATETIME>
<BODY>kool</BODY>
<COMMENT></COMMENT>
</POST>
<POST>
<USERNAME>corazon23456partio23456</USERNAME>
<DATETIME>(4:37:11 pm)</DATETIME>
<BODY>so what type of music you like</BODY>
<COMMENT></COMMENT>
</POST>
<POST>
<USERNAME>heather_sk8s</USERNAME>
<DATETIME>(4:37:22 pm)</DATETIME>
<BODY>everything!!</BODY>
<COMMENT></COMMENT>
</POST>
<POST>
<USERNAME>heather_sk8s</USERNAME>
<DATETIME>(4:37:28 pm)</DATETIME>
<BODY>hey -- can i talk to you later?</BODY>
<COMMENT></COMMENT>
</POST>
<POST>
<USERNAME>heather_sk8s</USERNAME>
<DATETIME>(4:37:32 pm)</DATETIME>
<BODY>i have to walk my dog</BODY>
<COMMENT></COMMENT>
</POST>
<POST>
<USERNAME>corazon23456partio23456</USERNAME>
<DATETIME>(4:37:54 pm)</DATETIME>
<BODY>sure what time you going be on line</BODY>
<COMMENT></COMMENT>
</POST>
<POST>
<USERNAME>heather_sk8s</USERNAME>
<DATETIME>(4:38:21 pm)</DATETIME>
<BODY>prolly 8</BODY>
<COMMENT></COMMENT>
</POST>
<POST>
<USERNAME>corazon23456partio23456</USERNAME>
<DATETIME>(4:38:25 pm)</DATETIME>
<BODY>ok</BODY>
<COMMENT></COMMENT>
</POST>
<POST>
<USERNAME>corazon23456partio23456</USERNAME>
<DATETIME>(4:38:36 pm)</DATETIME>
<BODY>ill be looking for you here later ok</BODY>
<COMMENT></COMMENT>
</POST>
<POST>
<USERNAME>heather_sk8s</USERNAME>
<DATETIME>(4:38:37 pm)</DATETIME>
<BODY>kisses!@!</BODY>
<COMMENT></COMMENT>
</POST>
<POST>
<USERNAME>corazon23456partio23456</USERNAME>
<DATETIME>(4:38:39 pm)</DATETIME>
<BODY>bye</BODY>
<COMMENT></COMMENT>
</POST>
<POST>
<USERNAME>corazon23456partio23456</USERNAME>
<DATETIME>(4:38:45 pm)</DATETIME>
<BODY>same to you</BODY>
<COMMENT></COMMENT>
</POST>
<POST>
<USERNAME></USERNAME>
<DATETIME></DATETIME>
<BODY>later that night....</BODY>
<COMMENT></COMMENT>
</POST>
<POST>
<USERNAME>corazon23456partio23456</USERNAME>
<DATETIME>(10:23:12 pm)</DATETIME>
<BODY>hey</BODY>
<COMMENT></COMMENT>
</POST>
<POST>
<USERNAME>corazon23456partio23456</USERNAME>
<DATETIME>(10:23:13 pm)</DATETIME>
<BODY>you there</BODY>
<COMMENT></COMMENT>
</POST>
<POST>
<USERNAME>heather_sk8s</USERNAME>
<DATETIME>(10:23:15 pm)</DATETIME>
<BODY>hey</BODY>
<COMMENT></COMMENT>
</POST>
<POST>
<USERNAME>corazon23456partio23456</USERNAME>
<DATETIME>(10:23:25 pm)</DATETIME>
<BODY>what s up</BODY>
<COMMENT></COMMENT>
</POST>
<POST>
<USERNAME>heather_sk8s</USERNAME>
<DATETIME>(10:23:35 pm)</DATETIME>
<BODY>not too much</BODY>
<COMMENT></COMMENT>
</POST>
<POST>
<USERNAME>heather_sk8s</USERNAME>
<DATETIME>(10:23:45 pm)</DATETIME>
<BODY>can i see a pic of u?? perdy please?</BODY>
<COMMENT></COMMENT>
</POST>
<POST>
<USERNAME>corazon23456partio23456</USERNAME>
<DATETIME>(10:23:55 pm)</DATETIME>
<BODY>yeah</BODY>
<COMMENT></COMMENT>
</POST>
<POST>
<USERNAME>corazon23456partio23456</USERNAME>
<DATETIME>(10:24:30 pm)</DATETIME>
<BODY>one sec</BODY>
<COMMENT></COMMENT>
</POST>
<POST>
<USERNAME>corazon23456partio23456</USERNAME>
<DATETIME>(10:25:52 pm)</DATETIME>
<BODY>you have a email adress</BODY>
<COMMENT></COMMENT>
<CODING>
<VERSION>corazon23456partio23456.emjakubowski.coded.txt</VERSION>
<CATEGORY>200</CATEGORY>
<TONE>2</TONE>
</CODING>
</POST>
<POST>
<USERNAME>heather_sk8s</USERNAME>
<DATETIME>(10:26:14 pm)</DATETIME>
<BODY>one sec -- phone ringing</BODY>
<COMMENT></COMMENT>
</POST>
<POST>
<USERNAME>heather_sk8s</USERNAME>
<DATETIME>(10:27:33 pm)</DATETIME>
<BODY>heather_sk8s@yahoo.com</BODY>
<COMMENT></COMMENT>
</POST>
<POST>
<USERNAME>corazon23456partio23456</USERNAME>
<DATETIME>(10:32:07 pm)</DATETIME>
<BODY>ok i already sent it</BODY>
<COMMENT></COMMENT>
<CODING>
<VERSION>corazon23456partio23456.emjakubowski.coded.txt</VERSION>
<CATEGORY>200</CATEGORY>
<TONE>31</TONE>
</CODING>
</POST>
<POST>
<USERNAME>corazon23456partio23456</USERNAME>
<DATETIME>(10:32:50 pm)</DATETIME>
<BODY>so what you been doing all day</BODY>
<COMMENT></COMMENT>
</POST>
<POST>
<USERNAME>heather_sk8s</USERNAME>
<DATETIME>(10:33:18 pm)</DATETIME>
<BODY>u r sooooo cute</BODY>
<COMMENT></COMMENT>
</POST>
<POST>
<USERNAME>corazon23456partio23456</USERNAME>
<DATETIME>(10:33:25 pm)</DATETIME>
<BODY>im not</BODY>
<COMMENT></COMMENT>
</POST>
<POST>
<USERNAME>corazon23456partio23456</USERNAME>
<DATETIME>(10:33:31 pm)</DATETIME>
<BODY></BODY>
<COMMENT></COMMENT>
</POST>
<POST>
<USERNAME>corazon23456partio23456</USERNAME>
<DATETIME>(10:35:18 pm)</DATETIME>
<BODY>you have any more pics of you</BODY>
<COMMENT></COMMENT>
<CODING>
<VERSION>corazon23456partio23456.emjakubowski.coded.txt</VERSION>
<CATEGORY>200</CATEGORY>
<TONE>2</TONE>
</CODING>
</POST>
<POST>
<USERNAME>heather_sk8s</USERNAME>
<DATETIME>(10:35:20 pm)</DATETIME>
<BODY>no</BODY>
<COMMENT></COMMENT>
</POST>
<POST>
<USERNAME>heather_sk8s</USERNAME>
<DATETIME>(10:35:24 pm)</DATETIME>
<BODY>my dad has them</BODY>
<COMMENT></COMMENT>
</POST>
<POST>
<USERNAME>heather_sk8s</USERNAME>
<DATETIME>(10:35:29 pm)</DATETIME>
<BODY>that pic was taken last mohnth</BODY>
<COMMENT></COMMENT>
</POST>
<POST>
<USERNAME>corazon23456partio23456</USERNAME>
<DATETIME>(10:35:36 pm)</DATETIME>
<BODY>ok</BODY>
<COMMENT></COMMENT>
</POST>
<POST>
<USERNAME>corazon23456partio23456</USERNAME>
<DATETIME>(10:36:01 pm)</DATETIME>
<BODY>did you have bf where you just to live?</BODY>
<COMMENT></COMMENT>
</POST>
<POST>
<USERNAME>heather_sk8s</USERNAME>
<DATETIME>(10:36:54 pm)</DATETIME>
<BODY>yes</BODY>
<COMMENT></COMMENT>
</POST>
<POST>
<USERNAME>heather_sk8s</USERNAME>
<DATETIME>(10:37:00 pm)</DATETIME>
<BODY>we broke up</BODY>
<COMMENT></COMMENT>
</POST>
<POST>
<USERNAME>corazon23456partio23456</USERNAME>
<DATETIME>(10:37:09 pm)</DATETIME>
<BODY>cause you move</BODY>
<COMMENT></COMMENT>
</POST>
<POST>
<USERNAME>heather_sk8s</USERNAME>
<DATETIME>(10:37:49 pm)</DATETIME>
<BODY>yes</BODY>
<COMMENT></COMMENT>
</POST>
<POST>
<USERNAME>heather_sk8s</USERNAME>
<DATETIME>(10:37:52 pm)</DATETIME>
<BODY>i dont care tho</BODY>
<COMMENT></COMMENT>
</POST>
<POST>
<USERNAME>heather_sk8s</USERNAME>
<DATETIME>(10:37:57 pm)</DATETIME>
<BODY>he was a jerk</BODY>
<COMMENT></COMMENT>
</POST>
<POST>
<USERNAME>corazon23456partio23456</USERNAME>
<DATETIME>(10:38:10 pm)</DATETIME>
<BODY>he was older than you</BODY>
<COMMENT></COMMENT>
<CODING>
<VERSION>corazon23456partio23456.emjakubowski.coded.txt</VERSION>
<CATEGORY>600</CATEGORY>
<TONE>2</TONE>
</CODING>
</POST>
<POST>
<USERNAME>heather_sk8s</USERNAME>
<DATETIME>(10:38:57 pm)</DATETIME>
<BODY>yes</BODY>
<COMMENT></COMMENT>
</POST>
<POST>
<USERNAME>heather_sk8s</USERNAME>
<DATETIME>(10:39:01 pm)</DATETIME>
<BODY>17</BODY>
<COMMENT></COMMENT>
</POST>
<POST>
<USERNAME>corazon23456partio23456</USERNAME>
<DATETIME>(10:39:07 pm)</DATETIME>
<BODY>ok</BODY>
<COMMENT></COMMENT>
</POST>
<POST>
<USERNAME>heather_sk8s</USERNAME>
<DATETIME>(10:39:44 pm)</DATETIME>
<BODY>why?</BODY>
<COMMENT></COMMENT>
</POST>
<POST>
<USERNAME>corazon23456partio23456</USERNAME>
<DATETIME>(10:40:00 pm)</DATETIME>
<BODY>just wondering</BODY>
<COMMENT></COMMENT>
</POST>
<POST>
<USERNAME>corazon23456partio23456</USERNAME>
<DATETIME>(10:40:36 pm)</DATETIME>
<BODY>maybe i get to date you sometime</BODY>
<COMMENT></COMMENT>
<CODING>
<VERSION>corazon23456partio23456.emjakubowski.coded.txt</VERSION>
<CATEGORY>900</CATEGORY>
<TONE>1</TONE>
</CODING>
</POST>
<POST>
<USERNAME>heather_sk8s</USERNAME>
<DATETIME>(10:41:30 pm)</DATETIME>
<BODY>meybee</BODY>
<COMMENT></COMMENT>
</POST>
<POST>
<USERNAME>heather_sk8s</USERNAME>
<DATETIME>(10:41:34 pm)</DATETIME>
<BODY>4th of july week?</BODY>
<COMMENT></COMMENT>
</POST>
<POST>
<USERNAME>corazon23456partio23456</USERNAME>
<DATETIME>(10:41:44 pm)</DATETIME>
<BODY>yeah</BODY>
<COMMENT></COMMENT>
</POST>
<POST>
<USERNAME>heather_sk8s</USERNAME>
<DATETIME>(10:42:30 pm)</DATETIME>
<BODY>relly?</BODY>
<COMMENT></COMMENT>
</POST>
<POST>
<USERNAME>heather_sk8s</USERNAME>
<DATETIME>(10:42:33 pm)</DATETIME>
<BODY>that wold be fun</BODY>
<COMMENT></COMMENT>
</POST>
<POST>
<USERNAME>heather_sk8s</USERNAME>
<DATETIME>(10:42:41 pm)</DATETIME>
<BODY>my mom is making me stay wit her frined</BODY>
<COMMENT></COMMENT>
</POST>
<POST>
<USERNAME>heather_sk8s</USERNAME>
<DATETIME>(10:42:46 pm)</DATETIME>
<BODY>on the 3,4,5,6</BODY>
<COMMENT></COMMENT>
</POST>
<POST>
<USERNAME>heather_sk8s</USERNAME>
<DATETIME>(10:42:56 pm)</DATETIME>
<BODY>but i will be alone on 7,8,9</BODY>
<COMMENT></COMMENT>
</POST>
<POST>
<USERNAME>heather_sk8s</USERNAME>
<DATETIME>(10:43:03 pm)</DATETIME>
<BODY>so that's good -r8?</BODY>
<COMMENT></COMMENT>
</POST>
<POST>
<USERNAME>corazon23456partio23456</USERNAME>
<DATETIME>(10:43:16 pm)</DATETIME>
<BODY>sure</BODY>
<COMMENT></COMMENT>
</POST>
<POST>
<USERNAME>corazon23456partio23456</USERNAME>
<DATETIME>(10:44:18 pm)</DATETIME>
<BODY>what you like to do for fun</BODY>
<COMMENT></COMMENT>
<CODING>
<VERSION>corazon23456partio23456.emjakubowski.coded.txt</VERSION>
<CATEGORY>200</CATEGORY>
<TONE>2</TONE>
</CODING>
</POST>
<POST>
<USERNAME>heather_sk8s</USERNAME>
<DATETIME>(10:44:26 pm)</DATETIME>
<BODY>swim</BODY>
<COMMENT></COMMENT>
</POST>
<POST>
<USERNAME>heather_sk8s</USERNAME>
<DATETIME>(10:44:27 pm)</DATETIME>
<BODY>sk8</BODY>
<COMMENT></COMMENT>
</POST>
<POST>
<USERNAME>corazon23456partio23456</USERNAME>
<DATETIME>(10:45:15 pm)</DATETIME>
<BODY>kool</BODY>
<COMMENT></COMMENT>
</POST>
<POST>
<USERNAME>heather_sk8s</USERNAME>
<DATETIME>(10:45:21 pm)</DATETIME>
<BODY>whatabout u</BODY>
<COMMENT></COMMENT>
</POST>
<POST>
<USERNAME>heather_sk8s</USERNAME>
<DATETIME>(10:45:25 pm)</DATETIME>
<BODY>do u have gf?</BODY>
<COMMENT></COMMENT>
</POST>
<POST>
<USERNAME>corazon23456partio23456</USERNAME>
<DATETIME>(10:45:35 pm)</DATETIME>
<BODY>no</BODY>
<COMMENT></COMMENT>
</POST>
<POST>
<USERNAME>heather_sk8s</USERNAME>
<DATETIME>(10:45:37 pm)</DATETIME>
<BODY>brb</BODY>
<COMMENT></COMMENT>
</POST>
<POST>
<USERNAME>corazon23456partio23456</USERNAME>
<DATETIME>(10:45:38 pm)</DATETIME>
<BODY>i dont</BODY>
<COMMENT></COMMENT>
</POST>
<POST>
<USERNAME>corazon23456partio23456</USERNAME>
<DATETIME>(10:45:40 pm)</DATETIME>
<BODY>ok</BODY>
<COMMENT></COMMENT>
</POST>
<POST>
<USERNAME>heather_sk8s</USERNAME>
<DATETIME>(10:47:40 pm)</DATETIME>
<BODY>kk</BODY>
<COMMENT></COMMENT>
</POST>
<POST>
<USERNAME>heather_sk8s</USERNAME>
<DATETIME>(10:48:16 pm)</DATETIME>
<BODY>how come u dont have a girlfriend</BODY>
<COMMENT></COMMENT>
</POST>
<POST>
<USERNAME>corazon23456partio23456</USERNAME>
<DATETIME>(10:48:33 pm)</DATETIME>
<BODY>cause she move out of town</BODY>
<COMMENT></COMMENT>
</POST>
<POST>
<USERNAME>heather_sk8s</USERNAME>
<DATETIME>(10:49:10 pm)</DATETIME>
<BODY>awwww</BODY>
<COMMENT></COMMENT>
</POST>
<POST>
<USERNAME>corazon23456partio23456</USERNAME>
<DATETIME>(10:50:07 pm)</DATETIME>
<BODY>yeah</BODY>
<COMMENT></COMMENT>
</POST>
<POST>
<USERNAME>heather_sk8s</USERNAME>
<DATETIME>(10:50:31 pm)</DATETIME>
<BODY>r u ok?</BODY>
<COMMENT></COMMENT>
</POST>
<POST>
<USERNAME>corazon23456partio23456</USERNAME>
<DATETIME>(10:50:39 pm)</DATETIME>
<BODY>yeah why</BODY>
<COMMENT></COMMENT>
</POST>
<POST>
<USERNAME>heather_sk8s</USERNAME>
<DATETIME>(10:50:41 pm)</DATETIME>
<BODY>how old was she?</BODY>
<COMMENT></COMMENT>
</POST>
<POST>
<USERNAME>corazon23456partio23456</USERNAME>
<DATETIME>(10:50:46 pm)</DATETIME>
<BODY>18</BODY>
<COMMENT></COMMENT>
</POST>
<POST>
<USERNAME>heather_sk8s</USERNAME>
<DATETIME>(10:51:26 pm)</DATETIME>
<BODY>oh</BODY>
<COMMENT></COMMENT>
</POST>
<POST>
<USERNAME>heather_sk8s</USERNAME>
<DATETIME>(10:51:32 pm)</DATETIME>
<BODY>am i too young for u</BODY>
<COMMENT></COMMENT>
</POST>
<POST>
<USERNAME>heather_sk8s</USERNAME>
<DATETIME>(10:51:39 pm)</DATETIME>
<BODY></BODY>
<COMMENT>(i hope u say no)</COMMENT>
</POST>
<POST>
<USERNAME>corazon23456partio23456</USERNAME>
<DATETIME>(10:51:41 pm)</DATETIME>
<BODY>no really</BODY>
<COMMENT></COMMENT>
</POST>
<POST>
<USERNAME>corazon23456partio23456</USERNAME>
<DATETIME>(10:52:01 pm)</DATETIME>
<BODY>you ok</BODY>
<COMMENT></COMMENT>
</POST>
<POST>
<USERNAME>heather_sk8s</USERNAME>
<DATETIME>(10:52:07 pm)</DATETIME>
<BODY>thanks</BODY>
<COMMENT></COMMENT>
</POST>
<POST>
<USERNAME>heather_sk8s</USERNAME>
<DATETIME>(10:52:13 pm)</DATETIME>
<BODY>were just talkin anyway</BODY>
<COMMENT></COMMENT>
</POST>
<POST>
<USERNAME>corazon23456partio23456</USERNAME>
<DATETIME>(10:52:20 pm)</DATETIME>
<BODY>yeah</BODY>
<COMMENT></COMMENT>
</POST>
<POST>
<USERNAME>heather_sk8s</USERNAME>
<DATETIME>(10:52:34 pm)</DATETIME>
<BODY>do u relly want to date me?</BODY>
<COMMENT></COMMENT>
</POST>
<POST>
<USERNAME>corazon23456partio23456</USERNAME>
<DATETIME>(10:52:40 pm)</DATETIME>
<BODY>yeah</BODY>
<COMMENT></COMMENT>
</POST>
<POST>
<USERNAME>corazon23456partio23456</USERNAME>
<DATETIME>(10:52:42 pm)</DATETIME>
<BODY>why</BODY>
<COMMENT></COMMENT>
</POST>
<POST>
<USERNAME>heather_sk8s</USERNAME>
<DATETIME>(10:52:53 pm)</DATETIME>
<BODY>cuz you r relly relly cute</BODY>
<COMMENT></COMMENT>
</POST>
<POST>
<USERNAME>corazon23456partio23456</USERNAME>
<DATETIME>(10:53:09 pm)</DATETIME>
<BODY>you are too</BODY>
<COMMENT></COMMENT>
</POST>
<POST>
<USERNAME>corazon23456partio23456</USERNAME>
<DATETIME>(10:54:47 pm)</DATETIME>
<BODY>you live in a house or apartment</BODY>
<COMMENT></COMMENT>
<CODING>
<VERSION>corazon23456partio23456.emjakubowski.coded.txt</VERSION>
<CATEGORY>900</CATEGORY>
<TONE>2</TONE>
</CODING>
</POST>
<POST>
<USERNAME>heather_sk8s</USERNAME>
<DATETIME>(10:54:51 pm)</DATETIME>
<BODY>house</BODY>
<COMMENT></COMMENT>
</POST>
<POST>
<USERNAME>corazon23456partio23456</USERNAME>
<DATETIME>(10:54:58 pm)</DATETIME>
<BODY>kool</BODY>
<COMMENT></COMMENT>
</POST>
<POST>
<USERNAME>corazon23456partio23456</USERNAME>
<DATETIME>(10:55:38 pm)</DATETIME>
<BODY>what you doing this weeeknd</BODY>
<COMMENT></COMMENT>
</POST>
<POST>
<USERNAME>heather_sk8s</USERNAME>
<DATETIME>(10:55:46 pm)</DATETIME>
<BODY>going to my grandmas</BODY>
<COMMENT></COMMENT>
</POST>
<POST>
<USERNAME>heather_sk8s</USERNAME>
<DATETIME>(10:55:49 pm)</DATETIME>
<BODY>what about u?</BODY>
<COMMENT></COMMENT>
</POST>
<POST>
<USERNAME>corazon23456partio23456</USERNAME>
<DATETIME>(10:55:58 pm)</DATETIME>
<BODY>nothing</BODY>
<COMMENT></COMMENT>
</POST>
<POST>
<USERNAME>corazon23456partio23456</USERNAME>
<DATETIME>(10:56:01 pm)</DATETIME>
<BODY>stay at home</BODY>
<COMMENT></COMMENT>
</POST>
<POST>
<USERNAME>corazon23456partio23456</USERNAME>
<DATETIME>(10:57:32 pm)</DATETIME>
<BODY>would you like maybe meet next week</BODY>
<COMMENT></COMMENT>
<CODING>
<VERSION>corazon23456partio23456.emjakubowski.coded.txt</VERSION>
<CATEGORY>900</CATEGORY>
<TONE>2</TONE>
</CODING>
</POST>
<POST>
<USERNAME>heather_sk8s</USERNAME>
<DATETIME>(10:57:42 pm)</DATETIME>
<BODY>cant until my mom goes away</BODY>
<COMMENT></COMMENT>
</POST>
<POST>
<USERNAME>heather_sk8s</USERNAME>
<DATETIME>(10:57:45 pm)</DATETIME>
<BODY>is that cool?</BODY>
<COMMENT></COMMENT>
</POST>
<POST>
<USERNAME>corazon23456partio23456</USERNAME>
<DATETIME>(10:57:50 pm)</DATETIME>
<BODY>yeah</BODY>
<COMMENT></COMMENT>
</POST>
<POST>
<USERNAME>heather_sk8s</USERNAME>
<DATETIME>(10:57:56 pm)</DATETIME>
<BODY>what do u want to do?</BODY>
<COMMENT></COMMENT>
</POST>
<POST>
<USERNAME>corazon23456partio23456</USERNAME>
<DATETIME>(10:58:05 pm)</DATETIME>
<BODY>why she dont allow you have friends</BODY>
<COMMENT></COMMENT>
</POST>
<POST>
<USERNAME>corazon23456partio23456</USERNAME>
<DATETIME>(10:58:12 pm)</DATETIME>
<BODY>maybe go to the movies</BODY>
<COMMENT></COMMENT>
<CODING>
<VERSION>corazon23456partio23456.emjakubowski.coded.txt</VERSION>
<CATEGORY>900</CATEGORY>
<TONE>2</TONE>
</CODING>
</POST>
<POST>
<USERNAME>heather_sk8s</USERNAME>
<DATETIME>(10:58:31 pm)</DATETIME>
<BODY>i can have female friends</BODY>
<COMMENT></COMMENT>
</POST>
<POST>
<USERNAME>corazon23456partio23456</USERNAME>
<DATETIME>(10:58:52 pm)</DATETIME>
<BODY>ok</BODY>
<COMMENT></COMMENT>
</POST>
<POST>
<USERNAME>corazon23456partio23456</USERNAME>
<DATETIME>(10:59:11 pm)</DATETIME>
<BODY>what would you like to do</BODY>
<COMMENT></COMMENT>
</POST>
<POST>
<USERNAME>heather_sk8s</USERNAME>
<DATETIME>(10:59:23 pm)</DATETIME>
<BODY>sk8, swim</BODY>
<COMMENT></COMMENT>
</POST>
<POST>
<USERNAME>corazon23456partio23456</USERNAME>
<DATETIME>(11:00:23 pm)</DATETIME>
<BODY>kool</BODY>
<COMMENT></COMMENT>
</POST>
<POST>
<USERNAME>corazon23456partio23456</USERNAME>
<DATETIME>(11:01:31 pm)</DATETIME>
<BODY>what type of movies you like</BODY>
<COMMENT></COMMENT>
</POST>
<POST>
<USERNAME>heather_sk8s</USERNAME>
<DATETIME>(11:01:38 pm)</DATETIME>
<BODY>scary ones</BODY>
<COMMENT></COMMENT>
</POST>
<POST>
<USERNAME>corazon23456partio23456</USERNAME>
<DATETIME>(11:01:46 pm)</DATETIME>
<BODY>really</BODY>
<COMMENT></COMMENT>
</POST>
<POST>
<USERNAME>heather_sk8s</USERNAME>
<DATETIME>(11:03:02 pm)</DATETIME>
<BODY>yes</BODY>
<COMMENT></COMMENT>
</POST>
<POST>
<USERNAME>corazon23456partio23456</USERNAME>
<DATETIME>(11:03:14 pm)</DATETIME>
<BODY>whats you favorite movie</BODY>
<COMMENT></COMMENT>
</POST>
<POST>
<USERNAME>heather_sk8s</USERNAME>
<DATETIME>(11:03:50 pm)</DATETIME>
<BODY>mmmmmmmmmmmm</BODY>
<COMMENT></COMMENT>
</POST>
<POST>
<USERNAME>heather_sk8s</USERNAME>
<DATETIME>(11:03:54 pm)</DATETIME>
<BODY>scary movie</BODY>
<COMMENT></COMMENT>
</POST>
<POST>
<USERNAME>heather_sk8s</USERNAME>
<DATETIME>(11:04:02 pm)</DATETIME>
<BODY>i have to go! mom calling</BODY>
<COMMENT></COMMENT>
</POST>
<POST>
<USERNAME>corazon23456partio23456</USERNAME>
<DATETIME>(11:04:08 pm)</DATETIME>
<BODY>ok</BODY>
<COMMENT></COMMENT>
</POST>
<POST>
<USERNAME>heather_sk8s</USERNAME>
<DATETIME>(11:04:09 pm)</DATETIME>
<BODY>talk tomm?</BODY>
<COMMENT></COMMENT>
</POST>
<POST>
<USERNAME>corazon23456partio23456</USERNAME>
<DATETIME>(11:04:14 pm)</DATETIME>
<BODY>yeah</BODY>
<COMMENT></COMMENT>
</POST>
<POST>
<USERNAME>corazon23456partio23456</USERNAME>
<DATETIME>(11:04:37 pm)</DATETIME>
<BODY>i wont get here till after 11</BODY>
<COMMENT></COMMENT>
</POST>
<POST>
<USERNAME>corazon23456partio23456</USERNAME>
<DATETIME>(11:05:00 pm)</DATETIME>
<BODY>what time you get off here tonmorrow night</BODY>
<COMMENT></COMMENT>
</POST>
<POST>
<USERNAME>heather_sk8s</USERNAME>
<DATETIME>(11:05:09 pm)</DATETIME>
<BODY>dunno</BODY>
<COMMENT></COMMENT>
</POST>
<POST>
<USERNAME>corazon23456partio23456</USERNAME>
<DATETIME>(11:05:25 pm)</DATETIME>
<BODY>you can call me if you want to</BODY>
<COMMENT></COMMENT>
<CODING>
<VERSION>corazon23456partio23456.emjakubowski.coded.txt</VERSION>
<CATEGORY>900</CATEGORY>
<TONE>1</TONE>
</CODING>
</POST>
<POST>
<USERNAME>corazon23456partio23456</USERNAME>
<DATETIME>(11:05:37 pm)</DATETIME>
<BODY>i can give you my num</BODY>
<COMMENT></COMMENT>
<CODING>
<VERSION>corazon23456partio23456.emjakubowski.coded.txt</VERSION>
<CATEGORY>200</CATEGORY>
<TONE>1</TONE>
</CODING>
</POST>
<POST>
<USERNAME>heather_sk8s</USERNAME>
<DATETIME>(11:06:01 pm)</DATETIME>
<BODY>ok</BODY>
<COMMENT></COMMENT>
</POST>
<POST>
<USERNAME>corazon23456partio23456</USERNAME>
<DATETIME>(11:06:49 pm)</DATETIME>
<BODY>601 863 9555</BODY>
<COMMENT></COMMENT>
<CODING>
<VERSION>corazon23456partio23456.emjakubowski.coded.txt</VERSION>
<CATEGORY>200</CATEGORY>
<TONE>3</TONE>
</CODING>
</POST>
<POST>
<USERNAME>heather_sk8s</USERNAME>
<DATETIME>(11:07:13 pm)</DATETIME>
<BODY>gnite</BODY>
<COMMENT></COMMENT>
</POST>
<POST>
<USERNAME>corazon23456partio23456</USERNAME>
<DATETIME>(11:07:23 pm)</DATETIME>
<BODY>bye</BODY>
<COMMENT></COMMENT>
</POST>
<POST>
<USERNAME>corazon23456partio23456</USERNAME>
<DATETIME>(11:07:36 pm)</DATETIME>
<BODY>sweet dreams</BODY>
<COMMENT></COMMENT>
</POST>
<POST>
<USERNAME></USERNAME>
<DATETIME></DATETIME>
<BODY>the following evening june 17, 2006:</BODY>
<COMMENT></COMMENT>
</POST>
<POST>
<USERNAME>heather_sk8s</USERNAME>
<DATETIME>(12:57:20 pm)</DATETIME>
<BODY>where are you?</BODY>
<COMMENT></COMMENT>
</POST>
<POST>
<USERNAME>corazon23456partio23456</USERNAME>
<DATETIME>(5:00:25 pm)</DATETIME>
<BODY>hello</BODY>
<COMMENT></COMMENT>
</POST>
<POST>
<USERNAME>corazon23456partio23456</USERNAME>
<DATETIME>(5:00:36 pm)</DATETIME>
<BODY>sorry i was at work when you pm</BODY>
<COMMENT></COMMENT>
</POST>
<POST>
<USERNAME>corazon23456partio23456</USERNAME>
<DATETIME>(5:01:20 pm)</DATETIME>
<BODY>so are you going be on tonight, hopefully yes, can you call me, i will love hear you voice</BODY>
<COMMENT></COMMENT>
<CODING>
<VERSION>corazon23456partio23456.emjakubowski.coded.txt</VERSION>
<CATEGORY>900</CATEGORY>
<TONE>21</TONE>
</CODING>
</POST>
<POST>
<USERNAME></USERNAME>
<DATETIME></DATETIME>
<BODY>an hour later ...</BODY>
<COMMENT></COMMENT>
</POST>
<POST>
<USERNAME>heather_sk8s</USERNAME>
<DATETIME>(6:06:33 pm)</DATETIME>
<BODY>r u talking to other girls????</BODY>
<COMMENT></COMMENT>
</POST>
<POST>
<USERNAME>corazon23456partio23456</USERNAME>
<DATETIME>(6:20:35 pm)</DATETIME>
<BODY>hey you there</BODY>
<COMMENT></COMMENT>
</POST>
<POST>
<USERNAME>corazon23456partio23456</USERNAME>
<DATETIME>(6:22:15 pm)</DATETIME>
<BODY>where you at baby</BODY>
<COMMENT></COMMENT>
</POST>
<POST>
<USERNAME>corazon23456partio23456</USERNAME>
<DATETIME>(6:23:24 pm)</DATETIME>
<BODY>hello where you at</BODY>
<COMMENT></COMMENT>
</POST>
<POST>
<USERNAME>corazon23456partio23456</USERNAME>
<DATETIME>(6:23:43 pm)</DATETIME>
<BODY>you talking to you ex s bf</BODY>
<COMMENT></COMMENT>
</POST>
<POST>
<USERNAME>corazon23456partio23456</USERNAME>
<DATETIME>(6:23:51 pm)</DATETIME>
<BODY></BODY>
<COMMENT></COMMENT>
</POST>
<POST>
<USERNAME>corazon23456partio23456</USERNAME>
<DATETIME>(6:23:58 pm)</DATETIME>
<BODY>where you at</BODY>
<COMMENT></COMMENT>
</POST>
<POST>
<USERNAME>corazon23456partio23456</USERNAME>
<DATETIME>(6:26:22 pm)</DATETIME>
<BODY>i have to go to work, but you can call to my cell if you want to chatt, i will love talk to you , call me 601 863 9555 , bye babe</BODY>
<COMMENT></COMMENT>
<CODING>
<VERSION>corazon23456partio23456.emjakubowski.coded.txt</VERSION>
<CATEGORY>900</CATEGORY>
<TONE>1</TONE>
</CODING>
</POST>
<POST>
<USERNAME></USERNAME>
<DATETIME></DATETIME>
<BODY>the following evening june 18, 2006 :</BODY>
<COMMENT></COMMENT>
</POST>
<POST>
<USERNAME>corazon23456partio23456</USERNAME>
<DATETIME>(12:48:31 am)</DATETIME>
<BODY>hey i dont get to be online when you are, so but i will check my email about 3 pm or 10 pm, so we may get to talk then. hugs and kisses bye</BODY>
<COMMENT></COMMENT>
<CODING>
<VERSION>corazon23456partio23456.emjakubowski.coded.txt</VERSION>
<CATEGORY>600</CATEGORY>
<TONE>1</TONE>
</CODING>
</POST>
<POST>
<USERNAME>corazon23456partio23456</USERNAME>
<DATETIME>(3:36:50 pm)</DATETIME>
<BODY>hey how are you? are you going be online later on today?</BODY>
<COMMENT></COMMENT>
</POST>
<POST>
<USERNAME>heather_sk8s</USERNAME>
<DATETIME>(9:04:21 pm)</DATETIME>
<BODY>i would love to talk to you 2</BODY>
<COMMENT></COMMENT>
</POST>
<POST>
<USERNAME>heather_sk8s</USERNAME>
<DATETIME>(9:08:25 pm)</DATETIME>
<BODY>i went to my gramma's this weekend to stay over</BODY>
<COMMENT></COMMENT>
</POST>
<POST>
<USERNAME>heather_sk8s</USERNAME>
<DATETIME>(9:08:29 pm)</DATETIME>
<BODY>she doesn't have a puter</BODY>
<COMMENT></COMMENT>
</POST>
<POST>
<USERNAME>corazon23456partio23456</USERNAME>
<DATETIME>(11:18:44 pm)</DATETIME>
<BODY>ok i talk to you tomorrow about 3 if its ok with you so bye, hugs and kisses bye</BODY>
<COMMENT></COMMENT>
<CODING>
<VERSION>corazon23456partio23456.emjakubowski.coded.txt</VERSION>
<CATEGORY>600</CATEGORY>
<TONE>1</TONE>
</CODING>
</POST>
<POST>
<USERNAME></USERNAME>
<DATETIME></DATETIME>
<BODY>the following evening june 19, 2006:</BODY>
<COMMENT></COMMENT>
</POST>
<POST>
<USERNAME>corazon23456partio23456</USERNAME>
<DATETIME>(4:09:20 pm)</DATETIME>
<BODY>hey babe where are you?</BODY>
<COMMENT></COMMENT>
</POST>
<POST>
<USERNAME>heather_sk8s</USERNAME>
<DATETIME>(8:25:04 pm)</DATETIME>
<BODY>can i call u tonight?</BODY>
<COMMENT></COMMENT>
</POST>
<POST>
<USERNAME>corazon23456partio23456</USERNAME>
<DATETIME>(11:31:10 pm)</DATETIME>
<BODY>hey baby, sure you can call me anytime you wan</BODY>
<COMMENT></COMMENT>
<CODING>
<VERSION>corazon23456partio23456.emjakubowski.coded.txt</VERSION>
<CATEGORY>900</CATEGORY>
<TONE>31</TONE>
</CODING>
</POST>
<POST>
<USERNAME>corazon23456partio23456</USERNAME>
<DATETIME>(11:31:25 pm)</DATETIME>
<BODY>want*</BODY>
<COMMENT></COMMENT>
</POST>
<POST>
<USERNAME>corazon23456partio23456</USERNAME>
<DATETIME>(11:32:49 pm)</DATETIME>
<BODY>but you call me tomorrow anytime i will be waiting for you to call me</BODY>
<COMMENT></COMMENT>
<CODING>
<VERSION>corazon23456partio23456.emjakubowski.coded.txt</VERSION>
<CATEGORY>900</CATEGORY>
<TONE>1</TONE>
</CODING>
</POST>
<POST>
<USERNAME>corazon23456partio23456</USERNAME>
<DATETIME>(11:33:09 pm)</DATETIME>
<BODY>bye baby</BODY>
<COMMENT></COMMENT>
</POST>
<POST>
<USERNAME>corazon23456partio23456</USERNAME>
<DATETIME>(11:33:41 pm)</DATETIME>
<BODY>i will be waiting you call , bye, kisses and hugs</BODY>
<COMMENT></COMMENT>
<CODING>
<VERSION>corazon23456partio23456.emjakubowski.coded.txt</VERSION>
<CATEGORY>900</CATEGORY>
<TONE>1</TONE>
</CODING>
</POST>
<POST>
<USERNAME>corazon23456partio23456</USERNAME>
<DATETIME>(11:33:46 pm)</DATETIME>
<BODY></BODY>
<COMMENT></COMMENT>
</POST>
<POST>
<USERNAME></USERNAME>
<DATETIME></DATETIME>
<BODY>june 20, 2006</BODY>
<COMMENT></COMMENT>
</POST>
<POST>
<USERNAME>corazon23456partio23456</USERNAME>
<DATETIME>(12:52:46 pm)</DATETIME>
<BODY>hey you try to call me last night?</BODY>
<COMMENT></COMMENT>
<CODING>
<VERSION>corazon23456partio23456.emjakubowski.coded.txt</VERSION>
<CATEGORY>900</CATEGORY>
<TONE>2</TONE>
</CODING>
</POST>
<POST>
<USERNAME>heather_sk8s</USERNAME>
<DATETIME>(8:05:32 pm)</DATETIME>
<BODY>yes! it tried last night</BODY>
<COMMENT></COMMENT>
</POST>
<POST>
<USERNAME></USERNAME>
<DATETIME></DATETIME>
<BODY>june 21, 2006 post verification call (thank you vande!)</BODY>
<COMMENT></COMMENT>
</POST>
<POST>
<USERNAME>corazon23456partio23456</USERNAME>
<DATETIME>(6:42:31 pm)</DATETIME>
<BODY>hello baby are you gonna be online tonight?</BODY>
<COMMENT></COMMENT>
</POST>
<POST>
<USERNAME>corazon23456partio23456</USERNAME>
<DATETIME>(6:42:49 pm)</DATETIME>
<BODY>i will be on all evening waiting for you to chat</BODY>
<COMMENT></COMMENT>
</POST>
<POST>
<USERNAME>corazon23456partio23456</USERNAME>
<DATETIME>(6:42:50 pm)</DATETIME>
<BODY>bye</BODY>
<COMMENT></COMMENT>
</POST>
<POST>
<USERNAME></USERNAME>
<DATETIME></DATETIME>
<BODY>later that night ....</BODY>
<COMMENT></COMMENT>
</POST>
<POST>
<USERNAME>corazon23456partio23456</USERNAME>
<DATETIME>(9:13:48 pm)</DATETIME>
<BODY>hola</BODY>
<COMMENT></COMMENT>
</POST>
<POST>
<USERNAME>corazon23456partio23456</USERNAME>
<DATETIME>(9:14:08 pm)</DATETIME>
<BODY>how are you</BODY>
<COMMENT></COMMENT>
</POST>
<POST>
<USERNAME>corazon23456partio23456</USERNAME>
<DATETIME>(9:15:09 pm)</DATETIME>
<BODY>hey i got you message last night</BODY>
<COMMENT></COMMENT>
</POST>
<POST>
<USERNAME>corazon23456partio23456</USERNAME>
<DATETIME>(9:15:20 pm)</DATETIME>
<BODY>and try to call you back</BODY>
<COMMENT></COMMENT>
<CODING>
<VERSION>corazon23456partio23456.emjakubowski.coded.txt</VERSION>
<CATEGORY>900</CATEGORY>
<TONE>1</TONE>
</CODING>
</POST>
<POST>
<USERNAME>corazon23456partio23456</USERNAME>
<DATETIME>(9:16:11 pm)</DATETIME>
<BODY>but you phone was busy</BODY>
<COMMENT></COMMENT>
</POST>
<POST>
<USERNAME>heather_sk8s</USERNAME>
<DATETIME>(9:19:59 pm)</DATETIME>
<BODY>one sec</BODY>
<COMMENT></COMMENT>
</POST>
<POST>
<USERNAME>heather_sk8s</USERNAME>
<DATETIME>(9:23:26 pm)</DATETIME>
<BODY>what time?</BODY>
<COMMENT></COMMENT>
</POST>
<POST>
<USERNAME>corazon23456partio23456</USERNAME>
<DATETIME>(9:23:48 pm)</DATETIME>
<BODY>about 7 40</BODY>
<COMMENT></COMMENT>
</POST>
<POST>
<USERNAME>corazon23456partio23456</USERNAME>
<DATETIME>(9:24:43 pm)</DATETIME>
<BODY>i leave a message on you answer machine</BODY>
<COMMENT></COMMENT>
</POST>
<POST>
<USERNAME>heather_sk8s</USERNAME>
<DATETIME>(9:25:13 pm)</DATETIME>
<BODY>can i call now???</BODY>
<COMMENT></COMMENT>
</POST>
<POST>
<USERNAME>corazon23456partio23456</USERNAME>
<DATETIME>(9:25:17 pm)</DATETIME>
<BODY>sure</BODY>
<COMMENT></COMMENT>
</POST>
<POST>
<USERNAME>corazon23456partio23456</USERNAME>
<DATETIME>(9:27:07 pm)</DATETIME>
<BODY>you didnt gey my message on you answer machine</BODY>
<COMMENT></COMMENT>
</POST>
<POST>
<USERNAME>corazon23456partio23456</USERNAME>
<DATETIME>(9:27:12 pm)</DATETIME>
<BODY>get*</BODY>
<COMMENT></COMMENT>
</POST>
<POST>
<USERNAME>corazon23456partio23456</USERNAME>
<DATETIME>(9:28:47 pm)</DATETIME>
<BODY>so what you been up to</BODY>
<COMMENT></COMMENT>
</POST>
<POST>
<USERNAME>heather_sk8s</USERNAME>
<DATETIME>(9:28:58 pm)</DATETIME>
<BODY>not too much</BODY>
<COMMENT></COMMENT>
</POST>
<POST>
<USERNAME>heather_sk8s</USERNAME>
<DATETIME>(9:29:00 pm)</DATETIME>
<BODY>i'm going to call you</BODY>
<COMMENT></COMMENT>
</POST>
<POST>
<USERNAME>corazon23456partio23456</USERNAME>
<DATETIME>(9:29:07 pm)</DATETIME>
<BODY>ok</BODY>
<COMMENT></COMMENT>
</POST>
<POST>
<USERNAME>corazon23456partio23456</USERNAME>
<DATETIME>(9:35:18 pm)</DATETIME>
<BODY>you there</BODY>
<COMMENT></COMMENT>
</POST>
<POST>
<USERNAME>heather_sk8s</USERNAME>
<DATETIME>(9:35:55 pm)</DATETIME>
<BODY>yes</BODY>
<COMMENT></COMMENT>
</POST>
<POST>
<USERNAME>corazon23456partio23456</USERNAME>
<DATETIME>(9:36:11 pm)</DATETIME>
<BODY>so what up</BODY>
<COMMENT></COMMENT>
</POST>
<POST>
<USERNAME>heather_sk8s</USERNAME>
<DATETIME>(9:37:23 pm)</DATETIME>
<BODY>phone ringing</BODY>
<COMMENT></COMMENT>
</POST>
<POST>
<USERNAME>corazon23456partio23456</USERNAME>
<DATETIME>(9:37:27 pm)</DATETIME>
<BODY>ok</BODY>
<COMMENT></COMMENT>
</POST>
<POST>
<USERNAME>corazon23456partio23456</USERNAME>
<DATETIME>(9:38:07 pm)</DATETIME>
<BODY>i like you voice</BODY>
<COMMENT></COMMENT>
</POST>
<POST>
<USERNAME>heather_sk8s</USERNAME>
<DATETIME>(9:39:14 pm)</DATETIME>
<BODY>thanks very much!!</BODY>
<COMMENT></COMMENT>
</POST>
<POST>
<USERNAME>corazon23456partio23456</USERNAME>
<DATETIME>(9:39:22 pm)</DATETIME>
<BODY>you welcome</BODY>
<COMMENT></COMMENT>
</POST>
<POST>
<USERNAME>corazon23456partio23456</USERNAME>
<DATETIME>(9:39:50 pm)</DATETIME>
<BODY>so you went over you grand moms house last weekend</BODY>
<COMMENT></COMMENT>
</POST>
<POST>
<USERNAME>corazon23456partio23456</USERNAME>
<DATETIME>(9:43:59 pm)</DATETIME>
<BODY>what you doing tomrrow?</BODY>
<COMMENT></COMMENT>
</POST>
<POST>
<USERNAME>corazon23456partio23456</USERNAME>
<DATETIME>(9:58:14 pm)</DATETIME>
<BODY>what time you going be online tomorrow'</BODY>
<COMMENT></COMMENT>
</POST>
<POST>
<USERNAME>corazon23456partio23456</USERNAME>
<DATETIME>(10:14:21 pm)</DATETIME>
<BODY>can i call you tomorrow night?</BODY>
<COMMENT></COMMENT>
<CODING>
<VERSION>corazon23456partio23456.emjakubowski.coded.txt</VERSION>
<CATEGORY>900</CATEGORY>
<TONE>2</TONE>
</CODING>
</POST>
<POST>
<USERNAME>heather_sk8s</USERNAME>
<DATETIME>(10:27:41 pm)</DATETIME>
<BODY>no!</BODY>
<COMMENT></COMMENT>
</POST>
<POST>
<USERNAME>heather_sk8s</USERNAME>
<DATETIME>(10:27:49 pm)</DATETIME>
<BODY>my mom sees all incoming calls!!</BODY>
<COMMENT></COMMENT>
</POST>
<POST>
<USERNAME>heather_sk8s</USERNAME>
<DATETIME>(10:27:55 pm)</DATETIME>
<BODY>please do not call that number!!!</BODY>
<COMMENT></COMMENT>
</POST>
<POST>
<USERNAME>heather_sk8s</USERNAME>
<DATETIME>(10:27:59 pm)</DATETIME>
<BODY>please please please</BODY>
<COMMENT></COMMENT>
</POST>
<POST>
<USERNAME>heather_sk8s</USERNAME>
<DATETIME>(10:28:03 pm)</DATETIME>
<BODY>i will call u only</BODY>
<COMMENT></COMMENT>
</POST>
<POST>
<USERNAME>corazon23456partio23456</USERNAME>
<DATETIME>(10:34:39 pm)</DATETIME>
<BODY>you there</BODY>
<COMMENT></COMMENT>
</POST>
<POST>
<USERNAME>corazon23456partio23456</USERNAME>
<DATETIME>(10:37:19 pm)</DATETIME>
<BODY>ok i wont</BODY>
<COMMENT></COMMENT>
</POST>
<POST>
<USERNAME>corazon23456partio23456</USERNAME>
<DATETIME>(10:37:21 pm)</DATETIME>
<BODY>bye</BODY>
<COMMENT></COMMENT>
</POST>
<POST>
<USERNAME>corazon23456partio23456</USERNAME>
<DATETIME>(10:43:14 pm)</DATETIME>
<BODY>bye love you</BODY>
<COMMENT></COMMENT>
</POST>
<POST>
<USERNAME></USERNAME>
<DATETIME></DATETIME>
<BODY>june 22, 2006</BODY>
<COMMENT></COMMENT>
</POST>
<POST>
<USERNAME>corazon23456partio23456</USERNAME>
<DATETIME>(8:45:21 pm)</DATETIME>
<BODY>hello , what time you going be online?</BODY>
<COMMENT></COMMENT>
</POST>
<POST>
<USERNAME>corazon23456partio23456</USERNAME>
<DATETIME>(9:25:26 pm)</DATETIME>
<BODY>hey heather</BODY>
<COMMENT></COMMENT>
</POST>
<POST>
<USERNAME></USERNAME>
<DATETIME></DATETIME>
<BODY>june 23, 2006</BODY>
<COMMENT></COMMENT>
</POST>
<POST>
<USERNAME>corazon23456partio23456</USERNAME>
<DATETIME>(4:40:10 pm)</DATETIME>
<BODY>hey bane how are you</BODY>
<COMMENT></COMMENT>
</POST>
<POST>
<USERNAME>corazon23456partio23456</USERNAME>
<DATETIME>(4:40:24 pm)</DATETIME>
<BODY>you want to talk on the phone tonight</BODY>
<COMMENT></COMMENT>
<CODING>
<VERSION>corazon23456partio23456.emjakubowski.coded.txt</VERSION>
<CATEGORY>900</CATEGORY>
<TONE>2</TONE>
</CODING>
</POST>
<POST>
<USERNAME>heather_sk8s</USERNAME>
<DATETIME>(8:03:13 pm)</DATETIME>
<BODY>love you!!!</BODY>
<COMMENT></COMMENT>
</POST>
<POST>
<USERNAME>heather_sk8s</USERNAME>
<DATETIME>(8:03:15 pm)</DATETIME>
<BODY>miss you</BODY>
<COMMENT></COMMENT>
</POST>
<POST>
<USERNAME>heather_sk8s</USERNAME>
<DATETIME>(8:03:21 pm)</DATETIME>
<BODY>can't use the phone much though</BODY>
<COMMENT></COMMENT>
</POST>
<POST>
<USERNAME>heather_sk8s</USERNAME>
<DATETIME>(8:03:22 pm)</DATETIME>
<BODY>ok?</BODY>
<COMMENT></COMMENT>
</POST>
<POST>
<USERNAME>heather_sk8s</USERNAME>
<DATETIME>(8:03:30 pm)</DATETIME>
<BODY>when we see each other it wil be cool</BODY>
<COMMENT></COMMENT>
</POST>
<POST>
<USERNAME></USERNAME>
<DATETIME></DATETIME>
<BODY>june 23, 2006</BODY>
<COMMENT></COMMENT>
</POST>
<POST>
<USERNAME>corazon23456partio23456</USERNAME>
<DATETIME>(4:40:10 pm)</DATETIME>
<BODY>hey bane how are you</BODY>
<COMMENT></COMMENT>
</POST>
<POST>
<USERNAME>corazon23456partio23456</USERNAME>
<DATETIME>(4:40:24 pm)</DATETIME>
<BODY>you want to talk on the phone tonight</BODY>
<COMMENT></COMMENT>
<CODING>
<VERSION>corazon23456partio23456.emjakubowski.coded.txt</VERSION>
<CATEGORY>900</CATEGORY>
<TONE>2</TONE>
</CODING>
</POST>
<POST>
<USERNAME>heather_sk8s</USERNAME>
<DATETIME>(8:03:13 pm)</DATETIME>
<BODY>love you!!!</BODY>
<COMMENT></COMMENT>
</POST>
<POST>
<USERNAME>heather_sk8s</USERNAME>
<DATETIME>(8:03:15 pm)</DATETIME>
<BODY>miss you</BODY>
<COMMENT></COMMENT>
</POST>
<POST>
<USERNAME>heather_sk8s</USERNAME>
<DATETIME>(8:03:21 pm)</DATETIME>
<BODY>can't use the phone much though</BODY>
<COMMENT></COMMENT>
</POST>
<POST>
<USERNAME>heather_sk8s</USERNAME>
<DATETIME>(8:03:22 pm)</DATETIME>
<BODY>ok?</BODY>
<COMMENT></COMMENT>
</POST>
<POST>
<USERNAME>heather_sk8s</USERNAME>
<DATETIME>(8:03:30 pm)</DATETIME>
<BODY>when we see each other it wil be cool</BODY>
<COMMENT></COMMENT>
</POST>
<POST>
<USERNAME></USERNAME>
<DATETIME></DATETIME>
<BODY>june 24, 2006</BODY>
<COMMENT></COMMENT>
</POST>
<POST>
<USERNAME>corazon23456partio23456</USERNAME>
<DATETIME>(12:13:57 am)</DATETIME>
<BODY>hey babe</BODY>
<COMMENT></COMMENT>
</POST>
<POST>
<USERNAME>corazon23456partio23456</USERNAME>
<DATETIME>(12:14:15 am)</DATETIME>
<BODY>i just want to say hey</BODY>
<COMMENT></COMMENT>
</POST>
<POST>
<USERNAME>corazon23456partio23456</USERNAME>
<DATETIME>(12:14:28 am)</DATETIME>
<BODY>i cant wait to talk to you again</BODY>
<COMMENT></COMMENT>
</POST>
<POST>
<USERNAME>corazon23456partio23456</USERNAME>
<DATETIME>(12:14:38 am)</DATETIME>
<BODY>but is ok</BODY>
<COMMENT></COMMENT>
</POST>
<POST>
<USERNAME>corazon23456partio23456</USERNAME>
<DATETIME>(12:14:56 am)</DATETIME>
<BODY>i get online usually about 10 pm at night</BODY>
<COMMENT></COMMENT>
</POST>
<POST>
<USERNAME>corazon23456partio23456</USERNAME>
<DATETIME>(12:16:13 am)</DATETIME>
<BODY>the only times that im on line earlie is wensday and thursday, those days im ususlly on line earlie like about 5 pm, well hopefully we talk again soon, bye, love you</BODY>
<COMMENT></COMMENT>
</POST>
<POST>
<USERNAME></USERNAME>
<DATETIME></DATETIME>
<BODY>june 26, 2006</BODY>
<COMMENT></COMMENT>
</POST>
<POST>
<USERNAME>corazon23456partio23456</USERNAME>
<DATETIME>(4:45:53 pm)</DATETIME>
<BODY>hey how are you, i just want to say hey, you going be online later on the week, when?</BODY>
<COMMENT></COMMENT>
</POST>
<POST>
<USERNAME></USERNAME>
<DATETIME></DATETIME>
<BODY>june 28, 2006</BODY>
<COMMENT></COMMENT>
</POST>
<POST>
<USERNAME>corazon23456partio23456</USERNAME>
<DATETIME>(5:38:25 pm)</DATETIME>
<BODY>hey babe are you going be online tonight?</BODY>
<COMMENT></COMMENT>
</POST>
<POST>
<USERNAME></USERNAME>
<DATETIME></DATETIME>
<BODY>june 30, 2006</BODY>
<COMMENT></COMMENT>
</POST>
<POST>
<USERNAME>corazon23456partio23456</USERNAME>
<DATETIME>(4:50:06 pm)</DATETIME>
<BODY>hello how are you , i just want to say he, call me sometime if you want to ok bye</BODY>
<COMMENT></COMMENT>
<CODING>
<VERSION>corazon23456partio23456.emjakubowski.coded.txt</VERSION>
<CATEGORY>900</CATEGORY>
<TONE>1</TONE>
</CODING>
</POST>
<POST>
<USERNAME></USERNAME>
<DATETIME></DATETIME>
<BODY>july 4, 2006</BODY>
<COMMENT></COMMENT>
</POST>
<POST>
<USERNAME>heather_sk8s</USERNAME>
<DATETIME>(2:42:47 pm)</DATETIME>
<BODY>hey baby -=-- will you be on later?</BODY>
<COMMENT></COMMENT>
</POST>
<POST>
<USERNAME>corazon23456partio23456</USERNAME>
<DATETIME>(11:27:25 pm)</DATETIME>
<BODY>hey babe happy 4th of july</BODY>
<COMMENT></COMMENT>
</POST>
<POST>
<USERNAME>corazon23456partio23456</USERNAME>
<DATETIME>(11:27:36 pm)</DATETIME>
<BODY>i miss talk to you</BODY>
<COMMENT></COMMENT>
</POST>
<POST>
<USERNAME>corazon23456partio23456</USERNAME>
<DATETIME>(11:27:56 pm)</DATETIME>
<BODY>call me sometime if you want</BODY>
<COMMENT></COMMENT>
<CODING>
<VERSION>corazon23456partio23456.emjakubowski.coded.txt</VERSION>
<CATEGORY>900</CATEGORY>
<TONE>1</TONE>
</CODING>
</POST>
<POST>
<USERNAME></USERNAME>
<DATETIME></DATETIME>
<BODY>july 5, 2006</BODY>
<COMMENT></COMMENT>
</POST>
<POST>
<USERNAME>corazon23456partio23456</USERNAME>
<DATETIME>(5:31:39 pm)</DATETIME>
<BODY>hey babe how are you, are you going be online later today, so i talk to you then bye babe</BODY>
<COMMENT></COMMENT>
</POST>
<POST>
<USERNAME>heather_sk8s</USERNAME>
<DATETIME>(8:46:57 pm)</DATETIME>
<BODY>it's hard getting on the phone sometimes</BODY>
<COMMENT></COMMENT>
</POST>
<POST>
<USERNAME>heather_sk8s</USERNAME>
<DATETIME>(8:47:07 pm)</DATETIME>
<BODY>r we still getting together this weekend?</BODY>
<COMMENT></COMMENT>
</POST>
<POST>
<USERNAME></USERNAME>
<DATETIME></DATETIME>
<BODY>july 7, 2006</BODY>
<COMMENT></COMMENT>
</POST>
<POST>
<USERNAME>corazon23456partio23456</USERNAME>
<DATETIME>(5:20:07 pm)</DATETIME>
<BODY>whatever.anythingyouwantto</BODY>
<COMMENT></COMMENT>
</POST>
<POST>
<USERNAME>corazon23456partio23456</USERNAME>
<DATETIME>(5:21:49 pm)</DATETIME>
<BODY>yeah.ifwemeetwhattimewillbe?</BODY>
<COMMENT></COMMENT>
<CODING>
<VERSION>corazon23456partio23456.emjakubowski.coded.txt</VERSION>
<CATEGORY>900</CATEGORY>
<TONE>32</TONE>
</CODING>
</POST>
<POST>
<USERNAME>corazon23456partio23456</USERNAME>
<DATETIME>(5:26:34 pm)</DATETIME>
<BODY>sowhattimewecanmeet?</BODY>
<COMMENT></COMMENT>
<CODING>
<VERSION>corazon23456partio23456.emjakubowski.coded.txt</VERSION>
<CATEGORY>900</CATEGORY>
<TONE>2</TONE>
</CODING>
</POST>
<POST>
<USERNAME></USERNAME>
<DATETIME></DATETIME>
<BODY>the final chat - he shows his true colors ..</BODY>
<COMMENT></COMMENT>
</POST>
<POST>
<USERNAME>corazon23456partio23456</USERNAME>
<DATETIME></DATETIME>
<BODY>will receive your messages on a mobile device.</BODY>
<COMMENT></COMMENT>
</POST>
<POST>
<USERNAME></USERNAME>
<DATETIME></DATETIME>
<BODY>for best results send a long message, rather than several short</BODY>
<COMMENT></COMMENT>
</POST>
<POST>
<USERNAME></USERNAME>
<DATETIME></DATETIME>
<BODY>messages. [note: wireless carriers may charge the recipient fees for receiving</BODY>
<COMMENT></COMMENT>
</POST>
<POST>
<USERNAME></USERNAME>
<DATETIME></DATETIME>
<BODY>and sending text message.]</BODY>
<COMMENT></COMMENT>
</POST>
<POST>
<USERNAME>corazon23456partio23456</USERNAME>
<DATETIME></DATETIME>
<BODY>so we going to meet ? we can go to the movies</BODY>
<COMMENT></COMMENT>
<CODING>
<VERSION>corazon23456partio23456.emjakubowski.coded.txt</VERSION>
<CATEGORY>900</CATEGORY>
<TONE>21</TONE>
</CODING>
</POST>
<POST>
<USERNAME>heather_sk8s</USERNAME>
<DATETIME></DATETIME>
<BODY>i cant leave house</BODY>
<COMMENT></COMMENT>
</POST>
<POST>
<USERNAME>heather_sk8s</USERNAME>
<DATETIME></DATETIME>
<BODY>nevermind</BODY>
<COMMENT></COMMENT>
</POST>
<POST>
<USERNAME>corazon23456partio23456</USERNAME>
<DATETIME></DATETIME>
<BODY>we can watch a movie at you house. what you</BODY>
<COMMENT></COMMENT>
<CODING>
<VERSION>corazon23456partio23456.emjakubowski.coded.txt</VERSION>
<CATEGORY>900</CATEGORY>
<TONE>12</TONE>
</CODING>
</POST>
<POST>
<USERNAME></USERNAME>
<DATETIME></DATETIME>
<BODY>say?</BODY>
<COMMENT></COMMENT>
</POST>
<POST>
<USERNAME>heather_sk8s</USERNAME>
<DATETIME></DATETIME>
<BODY>maybe</BODY>
<COMMENT></COMMENT>
</POST>
<POST>
<USERNAME>heather_sk8s</USERNAME>
<DATETIME></DATETIME>
<BODY>depends what else you want to do..... lol</BODY>
<COMMENT></COMMENT>
</POST>
<POST>
<USERNAME>heather_sk8s</USERNAME>
<DATETIME></DATETIME>
<BODY>tell me what else</BODY>
<COMMENT></COMMENT>
</POST>
<POST>
<USERNAME>corazon23456partio23456</USERNAME>
<DATETIME></DATETIME>
<BODY>so what you want to do then?</BODY>
<COMMENT></COMMENT>
</POST>
<POST>
<USERNAME>heather_sk8s</USERNAME>
<DATETIME></DATETIME>
<BODY>i'm asking u</BODY>
<COMMENT></COMMENT>
</POST>
<POST>
<USERNAME>corazon23456partio23456</USERNAME>
<DATETIME></DATETIME>
<BODY>what we can do? what you want to do?</BODY>
<COMMENT></COMMENT>
</POST>
<POST>
<USERNAME>heather_sk8s</USERNAME>
<DATETIME></DATETIME>
<BODY>its up to do</BODY>
<COMMENT></COMMENT>
</POST>
<POST>
<USERNAME>heather_sk8s</USERNAME>
<DATETIME></DATETIME>
<BODY>if you could do anything -</BODY>
<COMMENT></COMMENT>
</POST>
<POST>
<USERNAME>heather_sk8s</USERNAME>
<DATETIME></DATETIME>
<BODY>what would it be</BODY>
<COMMENT></COMMENT>
</POST>
<POST>
<USERNAME>heather_sk8s</USERNAME>
<DATETIME></DATETIME>
<BODY>i'll be back in a little bit -- taking a walk - i'm bord</BODY>
<COMMENT></COMMENT>
</POST>
<POST>
<USERNAME>corazon23456partio23456</USERNAME>
<DATETIME></DATETIME>
<BODY>drink ? and whatever you want me to do</BODY>
<COMMENT></COMMENT>
<CODING>
<VERSION>corazon23456partio23456.emjakubowski.coded.txt</VERSION>
<CATEGORY>600</CATEGORY>
<TONE>1</TONE>
</CODING>
</POST>
<POST>
<USERNAME>heather_sk8s</USERNAME>
<DATETIME></DATETIME>
<BODY>mm drink sounds good</BODY>
<COMMENT></COMMENT>
</POST>
<POST>
<USERNAME>heather_sk8s</USERNAME>
<DATETIME></DATETIME>
<BODY>yes</BODY>
<COMMENT></COMMENT>
</POST>
<POST>
<USERNAME>heather_sk8s</USERNAME>
<DATETIME></DATETIME>
<BODY>what else</BODY>
<COMMENT></COMMENT>
</POST>
<POST>
<USERNAME>heather_sk8s</USERNAME>
<DATETIME></DATETIME>
<BODY>ill be back later -- u better think of something good</BODY>
<COMMENT></COMMENT>
</POST>
<POST>
<USERNAME>corazon23456partio23456</USERNAME>
<DATETIME></DATETIME>
<BODY>we can drink and ? will see what happend . ..</BODY>
<COMMENT></COMMENT>
<CODING>
<VERSION>corazon23456partio23456.emjakubowski.coded.txt</VERSION>
<CATEGORY>600</CATEGORY>
<TONE>1</TONE>
</CODING>
</POST>
<POST>
<USERNAME>corazon23456partio23456</USERNAME>
<DATETIME></DATETIME>
<BODY>i can make you have some fun, and a good</BODY>
<COMMENT></COMMENT>
<CODING>
<VERSION>corazon23456partio23456.emjakubowski.coded.txt</VERSION>
<CATEGORY>600</CATEGORY>
<TONE>1</TONE>
</CODING>
</POST>
<POST>
<USERNAME></USERNAME>
<DATETIME></DATETIME>
<BODY>time.</BODY>
<COMMENT></COMMENT>
</POST>
<POST>
<USERNAME>heather_sk8s</USERNAME>
<DATETIME></DATETIME>
<BODY>tell me how specifically and ill think abou tit</BODY>
<COMMENT></COMMENT>
</POST>
<POST>
<USERNAME>corazon23456partio23456</USERNAME>
<DATETIME></DATETIME>
<BODY>ok ill be here</BODY>
<COMMENT></COMMENT>
</POST>
<POST>
<USERNAME>corazon23456partio23456</USERNAME>
<DATETIME></DATETIME>
<BODY>drink and have sex?</BODY>
<COMMENT></COMMENT>
<CODING>
<VERSION>corazon23456partio23456.emjakubowski.coded.txt</VERSION>
<CATEGORY>600</CATEGORY>
<TONE>2</TONE>
</CODING>
</POST>
<POST>
<USERNAME>corazon23456partio23456</USERNAME>
<DATETIME></DATETIME>
<BODY>drink and have sex?</BODY>
<COMMENT></COMMENT>
<CODING>
<VERSION>corazon23456partio23456.emjakubowski.coded.txt</VERSION>
<CATEGORY>600</CATEGORY>
<TONE>2</TONE>
</CODING>
</POST>
<POST>
<USERNAME>heather_sk8s</USERNAME>
<DATETIME></DATETIME>
<BODY>um</BODY>
<COMMENT></COMMENT>
</POST>
<POST>
<USERNAME>heather_sk8s</USERNAME>
<DATETIME></DATETIME>
<BODY>is that what you want?</BODY>
<COMMENT></COMMENT>
</POST>
<POST>
<USERNAME>corazon23456partio23456</USERNAME>
<DATETIME></DATETIME>
<BODY>idont know what you like to do?</BODY>
<COMMENT></COMMENT>
</POST>
<POST>
<USERNAME>heather_sk8s</USERNAME>
<DATETIME></DATETIME>
<BODY>i'm asking u</BODY>
<COMMENT></COMMENT>
</POST>
<POST>
<USERNAME>heather_sk8s</USERNAME>
<DATETIME></DATETIME>
<BODY>u the man</BODY>
<COMMENT></COMMENT>
</POST>
<POST>
<USERNAME>corazon23456partio23456</USERNAME>
<DATETIME></DATETIME>
<BODY>hey i have to go . im about to get off. so</BODY>
<COMMENT></COMMENT>
</POST>
<POST>
<USERNAME></USERNAME>
<DATETIME></DATETIME>
<BODY>how do i know . if we can meet tonight or no?</BODY>
<COMMENT></COMMENT>
</POST>
<POST>
<USERNAME>corazon23456partio23456</USERNAME>
<DATETIME></DATETIME>
<BODY>9 25 around that time .</BODY>
<COMMENT></COMMENT>
<CODING>
<VERSION>corazon23456partio23456.emjakubowski.coded.txt</VERSION>
<CATEGORY>900</CATEGORY>
<TONE>3</TONE>
</CODING>
</POST>
<POST>
<USERNAME>heather_sk8s</USERNAME>
<DATETIME></DATETIME>
<BODY>what we gonna do????????</BODY>
<COMMENT></COMMENT>
</POST>
<POST>
<USERNAME>heather_sk8s</USERNAME>
<DATETIME></DATETIME>
<BODY>last time i ask</BODY>
<COMMENT></COMMENT>
</POST>
<POST>
<USERNAME>heather_sk8s</USERNAME>
<DATETIME></DATETIME>
<BODY>what will u bring</BODY>
<COMMENT></COMMENT>
</POST>
<POST>
<USERNAME>corazon23456partio23456</USERNAME>
<DATETIME></DATETIME>
<BODY>i want you : )</BODY>
<COMMENT></COMMENT>
<CODING>
<VERSION>corazon23456partio23456.emjakubowski.coded.txt</VERSION>
<CATEGORY>600</CATEGORY>
<TONE>1</TONE>
</CODING>
</POST>
<POST>
<USERNAME>heather_sk8s</USERNAME>
<DATETIME></DATETIME>
<BODY>awwww</BODY>
<COMMENT></COMMENT>
</POST>
<POST>
<USERNAME>heather_sk8s</USERNAME>
<DATETIME></DATETIME>
<BODY>but speficaly</BODY>
<COMMENT></COMMENT>
</POST>
<POST>
<USERNAME>heather_sk8s</USERNAME>
<DATETIME></DATETIME>
<BODY>i need to no</BODY>
<COMMENT></COMMENT>
</POST>
<POST>
<USERNAME>corazon23456partio23456</USERNAME>
<DATETIME></DATETIME>
<BODY>drink and have sex. its that ok ?</BODY>
<COMMENT></COMMENT>
<CODING>
<VERSION>corazon23456partio23456.emjakubowski.coded.txt</VERSION>
<CATEGORY>600</CATEGORY>
<TONE>32</TONE>
</CODING>
</POST>
<POST>
<USERNAME>corazon23456partio23456</USERNAME>
<DATETIME></DATETIME>
<BODY>what you drink ?</BODY>
<COMMENT></COMMENT>
</POST>
<POST>
<USERNAME>heather_sk8s</USERNAME>
<DATETIME></DATETIME>
<BODY>dunno</BODY>
<COMMENT></COMMENT>
</POST>
<POST>
<USERNAME>heather_sk8s</USERNAME>
<DATETIME></DATETIME>
<BODY>beer</BODY>
<COMMENT></COMMENT>
</POST>
<POST>
<USERNAME>heather_sk8s</USERNAME>
<DATETIME></DATETIME>
<BODY>can u bring?</BODY>
<COMMENT></COMMENT>
</POST>
<POST>
<USERNAME>heather_sk8s</USERNAME>
<DATETIME></DATETIME>
<BODY>what else can u bring</BODY>
<COMMENT></COMMENT>
</POST>
<POST>
<USERNAME>heather_sk8s</USERNAME>
<DATETIME></DATETIME>
<BODY>to be "safe"</BODY>
<COMMENT></COMMENT>
</POST>
<POST>
<USERNAME>corazon23456partio23456</USERNAME>
<DATETIME></DATETIME>
<BODY>what you mean be safe ?</BODY>
<COMMENT></COMMENT>
</POST>
<POST>
<USERNAME>heather_sk8s</USERNAME>
<DATETIME></DATETIME>
<BODY>duh</BODY>
<COMMENT></COMMENT>
</POST>
<POST>
<USERNAME>corazon23456partio23456</USERNAME>
<DATETIME></DATETIME>
<BODY>what you mean be safe ?</BODY>
<COMMENT></COMMENT>
</POST>
<POST>
<USERNAME>heather_sk8s</USERNAME>
<DATETIME></DATETIME>
<BODY>think abou tit</BODY>
<COMMENT></COMMENT>
</POST>
<POST>
<USERNAME>heather_sk8s</USERNAME>
<DATETIME></DATETIME>
<BODY>about it</BODY>
<COMMENT></COMMENT>
</POST>
<POST>
<USERNAME>corazon23456partio23456</USERNAME>
<DATETIME></DATETIME>
<BODY>ok i bring protection</BODY>
<COMMENT></COMMENT>
<CODING>
<VERSION>corazon23456partio23456.emjakubowski.coded.txt</VERSION>
<CATEGORY>600</CATEGORY>
<TONE>1</TONE>
</CODING>
</POST>
<POST>
<USERNAME>heather_sk8s</USERNAME>
<DATETIME></DATETIME>
<BODY>thank you -- do u no what kind?</BODY>
<COMMENT></COMMENT>
</POST>
<POST>
<USERNAME>corazon23456partio23456</USERNAME>
<DATETIME></DATETIME>
<BODY>i have to go and get my job done. so are we</BODY>
<COMMENT></COMMENT>
<CODING>
<VERSION>corazon23456partio23456.emjakubowski.coded.txt</VERSION>
<CATEGORY>900</CATEGORY>
<TONE>12</TONE>
</CODING>
</POST>
<POST>
<USERNAME></USERNAME>
<DATETIME></DATETIME>
<BODY>meeting tonigth?</BODY>
<COMMENT></COMMENT>
</POST>
<POST>
<USERNAME>heather_sk8s</USERNAME>
<DATETIME></DATETIME>
<BODY>let me know when u r done and i'll give directions</BODY>
<COMMENT></COMMENT>
</POST>
<POST>
<USERNAME>corazon23456partio23456</USERNAME>
<DATETIME></DATETIME>
<BODY>i have to go and get my job done. so are we</BODY>
<COMMENT></COMMENT>
<CODING>
<VERSION>corazon23456partio23456.emjakubowski.coded.txt</VERSION>
<CATEGORY>900</CATEGORY>
<TONE>12</TONE>
</CODING>
</POST>
<POST>
<USERNAME></USERNAME>
<DATETIME></DATETIME>
<BODY>meeting tonigth?</BODY>
<COMMENT></COMMENT>
</POST>
<POST>
<USERNAME>heather_sk8s</USERNAME>
<DATETIME></DATETIME>
<BODY>let me know when u r done and i'll give directions</BODY>
<COMMENT></COMMENT>
</POST>
<POST>
<USERNAME>heather_sk8s</USERNAME>
<DATETIME></DATETIME>
<BODY>do u have protection -- what kind?</BODY>
<COMMENT></COMMENT>
</POST>
<POST>
<USERNAME>corazon23456partio23456</USERNAME>
<DATETIME></DATETIME>
<BODY>ok i talk to you in a few . you going be</BODY>
<COMMENT></COMMENT>
</POST>
<POST>
<USERNAME></USERNAME>
<DATETIME></DATETIME>
<BODY>still on line right?</BODY>
<COMMENT></COMMENT>
</POST>
<POST>
<USERNAME>heather_sk8s</USERNAME>
<DATETIME></DATETIME>
<BODY>yes</BODY>
<COMMENT></COMMENT>
</POST>
<POST>
<USERNAME>corazon23456partio23456</USERNAME>
<DATETIME></DATETIME>
<BODY>condom trojan</BODY>
<COMMENT></COMMENT>
<CODING>
<VERSION>corazon23456partio23456.emjakubowski.coded.txt</VERSION>
<CATEGORY>600</CATEGORY>
<TONE>3</TONE>
</CODING>
</POST>
</CHATLOG>