<!DOCTYPE CHATLOG SYSTEM 'chatlog.dtd'>
<CHATLOG>
<PREDATOR>
<FIRSTNAME>Jim</FIRSTNAME>
<LASTNAME>Leonard</LASTNAME>
<STATEDNAME>Jim</STATEDNAME>
<STATEDAGE>35</STATEDAGE>
<AGE>35</AGE>
<GENDER>Male</GENDER>
<RACE>White</RACE>
<CITY>Orland Park</CITY>
<STATE>IL</STATE>
<REPEATOFFENDER>false</REPEATOFFENDER>
<ADMITGUILT>false</ADMITGUILT>
<TRUTHFULNAME>true</TRUTHFULNAME>
<SCREENNAME>
<USERNAME>jleno9</USERNAME>
<HOST></HOST>
</SCREENNAME>
</PREDATOR>
<VICTIM>
<FIRSTNAME>Beef The Troll</FIRSTNAME>
<LASTNAME></LASTNAME>
<STATEDNAME>Unknown</STATEDNAME>
<STATEDAGE>13</STATEDAGE>
<GENDER>Female</GENDER>
<RACE></RACE>
<CITY>Oak Park</CITY>
<STATE>IL</STATE>
<PREVIOUSVICTIMIZATION>true</PREVIOUSVICTIMIZATION>
<ADMITGUILT>false</ADMITGUILT>
<SCREENNAME>
<USERNAME>baby_cakes_1990</USERNAME>
<HOST></HOST>
</SCREENNAME>
</VICTIM>
<CODINGVERSION>
<NAME>jleno9.elkilmer.coded.txt</NAME>
<CODER>elkilmer</CODER>
</CODINGVERSION>
<CODINGVERSION>
<NAME>jleno9.rokress.both.coded.txt</NAME>
<CODER>rokress</CODER>
</CODINGVERSION>
<POST>
<USERNAME>jleno9</USERNAME>
<DATETIME></DATETIME>
<BODY>yim?</BODY>
<COMMENT></COMMENT>
</POST>
<POST>
<USERNAME>baby_cakes_1990</USERNAME>
<DATETIME></DATETIME>
<BODY>hello?</BODY>
<COMMENT></COMMENT>
</POST>
<POST>
<USERNAME>jleno9</USERNAME>
<DATETIME></DATETIME>
<BODY>yes?</BODY>
<COMMENT></COMMENT>
</POST>
<POST>
<USERNAME>baby_cakes_1990</USERNAME>
<DATETIME></DATETIME>
<BODY>asl?</BODY>
<COMMENT></COMMENT>
</POST>
<POST>
<USERNAME>jleno9</USERNAME>
<DATETIME></DATETIME>
<BODY>i am in instant messenger</BODY>
<COMMENT></COMMENT>
</POST>
<POST>
<USERNAME>baby_cakes_1990</USERNAME>
<DATETIME></DATETIME>
<BODY>yah, me too silly</BODY>
<COMMENT></COMMENT>
</POST>
<POST>
<USERNAME>jleno9</USERNAME>
<DATETIME></DATETIME>
<BODY>cool...you look damn sexy</BODY>
<COMMENT></COMMENT>
<CODING>
<VERSION>jleno9.elkilmer.coded.txt</VERSION>
<CATEGORY>600</CATEGORY>
<TONE>1</TONE>
</CODING>
<CODING>
<VERSION>jleno9.rokress.both.coded.txt</VERSION>
<CATEGORY>600</CATEGORY>
<TONE>1</TONE>
</CODING>
</POST>
<POST>
<USERNAME>baby_cakes_1990</USERNAME>
<DATETIME></DATETIME>
<BODY>tyvm</BODY>
<COMMENT></COMMENT>
</POST>
<POST>
<USERNAME>baby_cakes_1990</USERNAME>
<DATETIME></DATETIME>
<BODY>asl?</BODY>
<COMMENT></COMMENT>
</POST>
<POST>
<USERNAME>jleno9</USERNAME>
<DATETIME></DATETIME>
<BODY>male 35 chicago and you?</BODY>
<COMMENT></COMMENT>
<CODING>
<VERSION>jleno9.elkilmer.coded.txt</VERSION>
<CATEGORY>200</CATEGORY>
<TONE>32</TONE>
</CODING>
<CODING>
<VERSION>jleno9.rokress.both.coded.txt</VERSION>
<CATEGORY>200</CATEGORY>
<TONE>3</TONE>
</CODING>
</POST>
<POST>
<USERNAME>baby_cakes_1990</USERNAME>
<DATETIME></DATETIME>
<BODY>13 f oak park</BODY>
<COMMENT></COMMENT>
</POST>
<POST>
<USERNAME>jleno9</USERNAME>
<DATETIME></DATETIME>
<BODY>wow that young and sexy huh?</BODY>
<COMMENT>(it's safe to say my age registers with him.)</COMMENT>
<CODING>
<VERSION>jleno9.elkilmer.coded.txt</VERSION>
<CATEGORY>600</CATEGORY>
<TONE>2</TONE>
</CODING>
<CODING>
<VERSION>jleno9.rokress.both.coded.txt</VERSION>
<CATEGORY>600</CATEGORY>
<TONE>3</TONE>
</CODING>
</POST>
<POST>
<USERNAME>baby_cakes_1990</USERNAME>
<DATETIME></DATETIME>
<BODY>hehe if u say so</BODY>
<COMMENT></COMMENT>
</POST>
<POST>
<USERNAME>jleno9</USERNAME>
<DATETIME></DATETIME>
<BODY>your pic looks pretty hot</BODY>
<COMMENT></COMMENT>
<CODING>
<VERSION>jleno9.rokress.both.coded.txt</VERSION>
<CATEGORY>600</CATEGORY>
<TONE>1</TONE>
</CODING>
</POST>
<POST>
<USERNAME>baby_cakes_1990</USERNAME>
<DATETIME></DATETIME>
<BODY>i got another 1</BODY>
<COMMENT></COMMENT>
</POST>
<POST>
<USERNAME>jleno9</USERNAME>
<DATETIME></DATETIME>
<BODY>can i see it?</BODY>
<COMMENT></COMMENT>
<CODING>
<VERSION>jleno9.elkilmer.coded.txt</VERSION>
<CATEGORY>200</CATEGORY>
<TONE>2</TONE>
</CODING>
</POST>
<POST>
<USERNAME>baby_cakes_1990</USERNAME>
<DATETIME></DATETIME>
<BODY>sendin</BODY>
<COMMENT></COMMENT>
</POST>
<POST>
<USERNAME>jleno9</USERNAME>
<DATETIME></DATETIME>
<BODY>thanks</BODY>
<COMMENT>(i send another shot.)</COMMENT>
</POST>
<POST>
<USERNAME>jleno9</USERNAME>
<DATETIME></DATETIME>
<BODY>damn your very hot</BODY>
<COMMENT></COMMENT>
<CODING>
<VERSION>jleno9.rokress.both.coded.txt</VERSION>
<CATEGORY>600</CATEGORY>
<TONE>1</TONE>
</CODING>
</POST>
<POST>
<USERNAME>baby_cakes_1990</USERNAME>
<DATETIME></DATETIME>
<BODY>tyvm</BODY>
<COMMENT></COMMENT>
</POST>
<POST>
<USERNAME>baby_cakes_1990</USERNAME>
<DATETIME></DATETIME>
<BODY>u got pics</BODY>
<COMMENT></COMMENT>
</POST>
<POST>
<USERNAME>jleno9</USERNAME>
<DATETIME></DATETIME>
<BODY>you have a very hot bod</BODY>
<COMMENT></COMMENT>
<CODING>
<VERSION>jleno9.elkilmer.coded.txt</VERSION>
<CATEGORY>600</CATEGORY>
<TONE>1</TONE>
</CODING>
<CODING>
<VERSION>jleno9.rokress.both.coded.txt</VERSION>
<CATEGORY>600</CATEGORY>
<TONE>1</TONE>
</CODING>
</POST>
<POST>
<USERNAME>baby_cakes_1990</USERNAME>
<DATETIME></DATETIME>
<BODY>ty u got pics</BODY>
<COMMENT></COMMENT>
</POST>
<POST>
<USERNAME>baby_cakes_1990</USERNAME>
<DATETIME></DATETIME>
<BODY>?</BODY>
<COMMENT></COMMENT>
</POST>
<POST>
<USERNAME>jleno9</USERNAME>
<DATETIME></DATETIME>
<BODY>yes but nude</BODY>
<COMMENT>(ooh. red flag much?)</COMMENT>
<CODING>
<VERSION>jleno9.elkilmer.coded.txt</VERSION>
<CATEGORY>600</CATEGORY>
<TONE>3</TONE>
</CODING>
<CODING>
<VERSION>jleno9.rokress.both.coded.txt</VERSION>
<CATEGORY>600</CATEGORY>
<TONE>3</TONE>
</CODING>
</POST>
<POST>
<USERNAME>baby_cakes_1990</USERNAME>
<DATETIME></DATETIME>
<BODY>i just wana see what u look lie</BODY>
<COMMENT></COMMENT>
</POST>
<POST>
<USERNAME>jleno9</USERNAME>
<DATETIME></DATETIME>
<BODY>let me send one..not the best but</BODY>
<COMMENT>(all the wannabee pedos say this. it must just be hard for them to face the fact that they're ugly.)</COMMENT>
<CODING>
<VERSION>jleno9.elkilmer.coded.txt</VERSION>
<CATEGORY>600</CATEGORY>
<TONE>1</TONE>
</CODING>
</POST>
<POST>
<USERNAME>baby_cakes_1990</USERNAME>
<DATETIME></DATETIME>
<BODY>hehe</BODY>
<COMMENT></COMMENT>
</POST>
<POST>
<USERNAME>jleno9</USERNAME>
<DATETIME></DATETIME>
<BODY>sending</BODY>
<COMMENT></COMMENT>
</POST>
<POST>
<USERNAME>baby_cakes_1990</USERNAME>
<DATETIME></DATETIME>
<BODY>gettin it</BODY>
<COMMENT></COMMENT>
</POST>
<POST>
<USERNAME>jleno9</USERNAME>
<DATETIME></DATETIME>
<BODY>ready to give it to you</BODY>
<COMMENT></COMMENT>
<CODING>
<VERSION>jleno9.elkilmer.coded.txt</VERSION>
<CATEGORY>600</CATEGORY>
<TONE>1</TONE>
</CODING>
<CODING>
<VERSION>jleno9.rokress.both.coded.txt</VERSION>
<CATEGORY>600</CATEGORY>
<TONE>1</TONE>
</CODING>
</POST>
<POST>
<USERNAME>baby_cakes_1990</USERNAME>
<DATETIME></DATETIME>
<BODY>oooh...</BODY>
<COMMENT>(i get the photo above. words fail me.)</COMMENT>
</POST>
<POST>
<USERNAME>jleno9</USERNAME>
<DATETIME></DATETIME>
<BODY>you a virgin?</BODY>
<COMMENT>(let's just remove all doubt about our intentions, shall we? thanks, tough guy. in fact...)</COMMENT>
<CODING>
<VERSION>jleno9.elkilmer.coded.txt</VERSION>
<CATEGORY>600</CATEGORY>
<TONE>2</TONE>
</CODING>
<CODING>
<VERSION>jleno9.rokress.both.coded.txt</VERSION>
<CATEGORY>600</CATEGORY>
<TONE>2</TONE>
</CODING>
</POST>
<POST>
<USERNAME>baby_cakes_1990</USERNAME>
<DATETIME></DATETIME>
<BODY>you look liek a tough guy</BODY>
<COMMENT></COMMENT>
</POST>
<POST>
<USERNAME>baby_cakes_1990</USERNAME>
<DATETIME></DATETIME>
<BODY>nope</BODY>
<COMMENT></COMMENT>
</POST>
<POST>
<USERNAME>baby_cakes_1990</USERNAME>
<DATETIME></DATETIME>
<BODY>hehe</BODY>
<COMMENT></COMMENT>
</POST>
<POST>
<USERNAME>jleno9</USERNAME>
<DATETIME></DATETIME>
<BODY>gentle as a teddy bear</BODY>
<COMMENT></COMMENT>
<CODING>
<VERSION>jleno9.elkilmer.coded.txt</VERSION>
<CATEGORY>600</CATEGORY>
<TONE>1</TONE>
</CODING>
</POST>
<POST>
<USERNAME>baby_cakes_1990</USERNAME>
<DATETIME></DATETIME>
<BODY>awwww</BODY>
<COMMENT></COMMENT>
</POST>
<POST>
<USERNAME>jleno9</USERNAME>
<DATETIME></DATETIME>
<BODY>may i ask your measurements?</BODY>
<COMMENT></COMMENT>
<CODING>
<VERSION>jleno9.elkilmer.coded.txt</VERSION>
<CATEGORY>600</CATEGORY>
<TONE>2</TONE>
</CODING>
<CODING>
<VERSION>jleno9.rokress.both.coded.txt</VERSION>
<CATEGORY>600</CATEGORY>
<TONE>2</TONE>
</CODING>
</POST>
<POST>
<USERNAME>baby_cakes_1990</USERNAME>
<DATETIME></DATETIME>
<BODY>huh</BODY>
<COMMENT></COMMENT>
</POST>
<POST>
<USERNAME>baby_cakes_1990</USERNAME>
<DATETIME></DATETIME>
<BODY>oh</BODY>
<COMMENT></COMMENT>
</POST>
<POST>
<USERNAME>baby_cakes_1990</USERNAME>
<DATETIME></DATETIME>
<BODY>ok</BODY>
<COMMENT></COMMENT>
</POST>
<POST>
<USERNAME>baby_cakes_1990</USERNAME>
<DATETIME></DATETIME>
<BODY>hehe</BODY>
<COMMENT></COMMENT>
</POST>
<POST>
<USERNAME>jleno9</USERNAME>
<DATETIME></DATETIME>
<BODY></BODY>
<COMMENT></COMMENT>
</POST>
<POST>
<USERNAME>baby_cakes_1990</USERNAME>
<DATETIME></DATETIME>
<BODY>34 24 34</BODY>
<COMMENT></COMMENT>
</POST>
<POST>
<USERNAME>baby_cakes_1990</USERNAME>
<DATETIME></DATETIME>
<BODY>i think anyhow</BODY>
<COMMENT></COMMENT>
</POST>
<POST>
<USERNAME>jleno9</USERNAME>
<DATETIME></DATETIME>
<BODY>you look like your body is very sexy</BODY>
<COMMENT></COMMENT>
<CODING>
<VERSION>jleno9.elkilmer.coded.txt</VERSION>
<CATEGORY>600</CATEGORY>
<TONE>2</TONE>
</CODING>
<CODING>
<VERSION>jleno9.rokress.both.coded.txt</VERSION>
<CATEGORY>600</CATEGORY>
<TONE>1</TONE>
</CODING>
</POST>
<POST>
<USERNAME>baby_cakes_1990</USERNAME>
<DATETIME></DATETIME>
<BODY>i jut know what my bras say</BODY>
<COMMENT></COMMENT>
</POST>
<POST>
<USERNAME>jleno9</USERNAME>
<DATETIME></DATETIME>
<BODY>wish your bra was off</BODY>
<COMMENT></COMMENT>
<CODING>
<VERSION>jleno9.elkilmer.coded.txt</VERSION>
<CATEGORY>600</CATEGORY>
<TONE>1</TONE>
</CODING>
<CODING>
<VERSION>jleno9.rokress.both.coded.txt</VERSION>
<CATEGORY>600</CATEGORY>
<TONE>3</TONE>
</CODING>
</POST>
<POST>
<USERNAME>baby_cakes_1990</USERNAME>
<DATETIME></DATETIME>
<BODY>hehe</BODY>
<COMMENT></COMMENT>
</POST>
<POST>
<USERNAME>baby_cakes_1990</USERNAME>
<DATETIME></DATETIME>
<BODY>me 2</BODY>
<COMMENT></COMMENT>
</POST>
<POST>
<USERNAME>jleno9</USERNAME>
<DATETIME></DATETIME>
<BODY>then take it off</BODY>
<COMMENT></COMMENT>
<CODING>
<VERSION>jleno9.elkilmer.coded.txt</VERSION>
<CATEGORY>600</CATEGORY>
<TONE>4</TONE>
</CODING>
<CODING>
<VERSION>jleno9.rokress.both.coded.txt</VERSION>
<CATEGORY>600</CATEGORY>
<TONE>4</TONE>
</CODING>
</POST>
<POST>
<USERNAME>baby_cakes_1990</USERNAME>
<DATETIME></DATETIME>
<BODY>i thot u meant in the pic</BODY>
<COMMENT></COMMENT>
</POST>
<POST>
<USERNAME>baby_cakes_1990</USERNAME>
<DATETIME></DATETIME>
<BODY>hehe</BODY>
<COMMENT></COMMENT>
</POST>
<POST>
<USERNAME>jleno9</USERNAME>
<DATETIME></DATETIME>
<BODY>would you consider posing nude for me?</BODY>
<COMMENT>(hel-lo! seems jim's an amateur kiddie pornographer, as well! that's interesting information to have.)</COMMENT>
<CODING>
<VERSION>jleno9.elkilmer.coded.txt</VERSION>
<CATEGORY>900</CATEGORY>
<TONE>2</TONE>
</CODING>
<CODING>
<VERSION>jleno9.rokress.both.coded.txt</VERSION>
<CATEGORY>600</CATEGORY>
<TONE>2</TONE>
</CODING>
</POST>
<POST>
<USERNAME>baby_cakes_1990</USERNAME>
<DATETIME></DATETIME>
<BODY>i dunno mebbe</BODY>
<COMMENT></COMMENT>
</POST>
<POST>
<USERNAME>baby_cakes_1990</USERNAME>
<DATETIME></DATETIME>
<BODY>how?</BODY>
<COMMENT></COMMENT>
</POST>
<POST>
<USERNAME>jleno9</USERNAME>
<DATETIME></DATETIME>
<BODY>cool...what do you mean how? with a camera</BODY>
<COMMENT></COMMENT>
</POST>
<POST>
<USERNAME>baby_cakes_1990</USERNAME>
<DATETIME></DATETIME>
<BODY>i dunno u got 1?</BODY>
<COMMENT></COMMENT>
</POST>
<POST>
<USERNAME>jleno9</USERNAME>
<DATETIME></DATETIME>
<BODY>of course a digital</BODY>
<COMMENT></COMMENT>
</POST>
<POST>
<USERNAME>baby_cakes_1990</USERNAME>
<DATETIME></DATETIME>
<BODY>okay</BODY>
<COMMENT></COMMENT>
</POST>
<POST>
<USERNAME>jleno9</USERNAME>
<DATETIME></DATETIME>
<BODY>where could we meet?</BODY>
<COMMENT>(notice, folks...he's the one who suggests the meeting.)</COMMENT>
<CODING>
<VERSION>jleno9.elkilmer.coded.txt</VERSION>
<CATEGORY>900</CATEGORY>
<TONE>2</TONE>
</CODING>
<CODING>
<VERSION>jleno9.rokress.both.coded.txt</VERSION>
<CATEGORY>900</CATEGORY>
<TONE>2</TONE>
</CODING>
</POST>
<POST>
<USERNAME>baby_cakes_1990</USERNAME>
<DATETIME></DATETIME>
<BODY>u just want pics</BODY>
<COMMENT></COMMENT>
</POST>
<POST>
<USERNAME>jleno9</USERNAME>
<DATETIME></DATETIME>
<BODY>well i'd love more but that would be up to you</BODY>
<COMMENT></COMMENT>
<CODING>
<VERSION>jleno9.rokress.both.coded.txt</VERSION>
<CATEGORY>600</CATEGORY>
<TONE>3</TONE>
</CODING>
</POST>
<POST>
<USERNAME>baby_cakes_1990</USERNAME>
<DATETIME></DATETIME>
<BODY>what u mean?</BODY>
<COMMENT></COMMENT>
</POST>
<POST>
<USERNAME>baby_cakes_1990</USERNAME>
<DATETIME></DATETIME>
<BODY>liek what</BODY>
<COMMENT></COMMENT>
</POST>
<POST>
<USERNAME>jleno9</USERNAME>
<DATETIME></DATETIME>
<BODY>well seeing you nake would make my cock very hard</BODY>
<COMMENT></COMMENT>
<CODING>
<VERSION>jleno9.elkilmer.coded.txt</VERSION>
<CATEGORY>600</CATEGORY>
<TONE>1</TONE>
</CODING>
<CODING>
<VERSION>jleno9.rokress.both.coded.txt</VERSION>
<CATEGORY>600</CATEGORY>
<TONE>3</TONE>
</CODING>
</POST>
<POST>
<USERNAME>baby_cakes_1990</USERNAME>
<DATETIME></DATETIME>
<BODY>okies</BODY>
<COMMENT></COMMENT>
</POST>
<POST>
<USERNAME>jleno9</USERNAME>
<DATETIME></DATETIME>
<BODY>and maybe you would want to suck on it</BODY>
<COMMENT>(or, y'know. maybe not. that'd be fine, too.)</COMMENT>
<CODING>
<VERSION>jleno9.elkilmer.coded.txt</VERSION>
<CATEGORY>600</CATEGORY>
<TONE>1</TONE>
</CODING>
<CODING>
<VERSION>jleno9.rokress.both.coded.txt</VERSION>
<CATEGORY>600</CATEGORY>
<TONE>3</TONE>
</CODING>
</POST>
<POST>
<USERNAME>baby_cakes_1990</USERNAME>
<DATETIME></DATETIME>
<BODY>u think so lol</BODY>
<COMMENT></COMMENT>
</POST>
<POST>
<USERNAME>baby_cakes_1990</USERNAME>
<DATETIME></DATETIME>
<BODY>okay mebbe</BODY>
<COMMENT></COMMENT>
</POST>
<POST>
<USERNAME>jleno9</USERNAME>
<DATETIME></DATETIME>
<BODY>and maybe you would want me to make your pussy wet</BODY>
<COMMENT></COMMENT>
<CODING>
<VERSION>jleno9.elkilmer.coded.txt</VERSION>
<CATEGORY>600</CATEGORY>
<TONE>1</TONE>
</CODING>
<CODING>
<VERSION>jleno9.rokress.both.coded.txt</VERSION>
<CATEGORY>600</CATEGORY>
<TONE>3</TONE>
</CODING>
</POST>
<POST>
<USERNAME>baby_cakes_1990</USERNAME>
<DATETIME></DATETIME>
<BODY>how u do that?</BODY>
<COMMENT></COMMENT>
</POST>
<POST>
<USERNAME>jleno9</USERNAME>
<DATETIME></DATETIME>
<BODY>well you would lay on the bed and i would spread your legs and lick and tongue your pussy</BODY>
<COMMENT></COMMENT>
<CODING>
<VERSION>jleno9.elkilmer.coded.txt</VERSION>
<CATEGORY>600</CATEGORY>
<TONE></TONE>
</CODING>
<CODING>
<VERSION>jleno9.rokress.both.coded.txt</VERSION>
<CATEGORY>600</CATEGORY>
<TONE>3</TONE>
</CODING>
</POST>
<POST>
<USERNAME>baby_cakes_1990</USERNAME>
<DATETIME></DATETIME>
<BODY>i herd that s good but i nevr had it</BODY>
<COMMENT></COMMENT>
</POST>
<POST>
<USERNAME>jleno9</USERNAME>
<DATETIME></DATETIME>
<BODY>oh it is very good</BODY>
<COMMENT></COMMENT>
</POST>
<POST>
<USERNAME>baby_cakes_1990</USERNAME>
<DATETIME></DATETIME>
<BODY>u liek that?</BODY>
<COMMENT></COMMENT>
</POST>
<POST>
<USERNAME>jleno9</USERNAME>
<DATETIME></DATETIME>
<BODY>i do and like the way it makes you feel</BODY>
<COMMENT></COMMENT>
<CODING>
<VERSION>jleno9.elkilmer.coded.txt</VERSION>
<CATEGORY>600</CATEGORY>
<TONE>3</TONE>
</CODING>
</POST>
<POST>
<USERNAME>baby_cakes_1990</USERNAME>
<DATETIME></DATETIME>
<BODY>u wanna do that</BODY>
<COMMENT></COMMENT>
</POST>
<POST>
<USERNAME>jleno9</USERNAME>
<DATETIME></DATETIME>
<BODY>of course</BODY>
<COMMENT></COMMENT>
</POST>
<POST>
<USERNAME>baby_cakes_1990</USERNAME>
<DATETIME></DATETIME>
<BODY>liek, wit me?</BODY>
<COMMENT></COMMENT>
</POST>
<POST>
<USERNAME>jleno9</USERNAME>
<DATETIME></DATETIME>
<BODY>like yeah</BODY>
<COMMENT></COMMENT>
</POST>
<POST>
<USERNAME>baby_cakes_1990</USERNAME>
<DATETIME></DATETIME>
<BODY>4 realz?</BODY>
<COMMENT></COMMENT>
</POST>
<POST>
<USERNAME>jleno9</USERNAME>
<DATETIME></DATETIME>
<BODY>4 realz</BODY>
<COMMENT></COMMENT>
</POST>
<POST>
<USERNAME>baby_cakes_1990</USERNAME>
<DATETIME></DATETIME>
<BODY>wow sounds awesome</BODY>
<COMMENT></COMMENT>
</POST>
<POST>
<USERNAME>baby_cakes_1990</USERNAME>
<DATETIME></DATETIME>
<BODY>im up fer it</BODY>
<COMMENT></COMMENT>
</POST>
<POST>
<USERNAME>jleno9</USERNAME>
<DATETIME></DATETIME>
<BODY>would be and cool</BODY>
<COMMENT></COMMENT>
</POST>
<POST>
<USERNAME>baby_cakes_1990</USERNAME>
<DATETIME></DATETIME>
<BODY>u got any more pics, d00d?</BODY>
<COMMENT></COMMENT>
</POST>
<POST>
<USERNAME>jleno9</USERNAME>
<DATETIME></DATETIME>
<BODY>yeah but not very clear</BODY>
<COMMENT></COMMENT>
</POST>
<POST>
<USERNAME>jleno9</USERNAME>
<DATETIME></DATETIME>
<BODY>thats iw hy i bought the digital</BODY>
<COMMENT></COMMENT>
</POST>
<POST>
<USERNAME>baby_cakes_1990</USERNAME>
<DATETIME></DATETIME>
<BODY>hehe</BODY>
<COMMENT></COMMENT>
</POST>
<POST>
<USERNAME>baby_cakes_1990</USERNAME>
<DATETIME></DATETIME>
<BODY>lets see what u got</BODY>
<COMMENT></COMMENT>
</POST>
<POST>
<USERNAME>baby_cakes_1990</USERNAME>
<DATETIME></DATETIME>
<BODY>gettin it</BODY>
<COMMENT>(yep. it's a nude. i'll spare you nice folks the humiliating spectacle. suffice it to say, the guy's hung like a aaa battery. yes. triple a. i dunno where he's goin' with that roll o' dimes, but i hope it ain't the casino. they have a dress code. item 1: pants.)</COMMENT>
</POST>
<POST>
<USERNAME>jleno9</USERNAME>
<DATETIME></DATETIME>
<BODY>cool</BODY>
<COMMENT></COMMENT>
</POST>
<POST>
<USERNAME>baby_cakes_1990</USERNAME>
<DATETIME></DATETIME>
<BODY>nice</BODY>
<COMMENT></COMMENT>
</POST>
<POST>
<USERNAME>jleno9</USERNAME>
<DATETIME></DATETIME>
<BODY>thanks</BODY>
<COMMENT></COMMENT>
</POST>
<POST>
<USERNAME>jleno9</USERNAME>
<DATETIME></DATETIME>
<BODY>so you want to pose and maybe play?</BODY>
<COMMENT></COMMENT>
<CODING>
<VERSION>jleno9.elkilmer.coded.txt</VERSION>
<CATEGORY>900</CATEGORY>
<TONE>2</TONE>
</CODING>
<CODING>
<VERSION>jleno9.rokress.both.coded.txt</VERSION>
<CATEGORY>600</CATEGORY>
<TONE>2</TONE>
</CODING>
</POST>
<POST>
<USERNAME>baby_cakes_1990</USERNAME>
<DATETIME></DATETIME>
<BODY>hells yah</BODY>
<COMMENT></COMMENT>
</POST>
<POST>
<USERNAME>jleno9</USERNAME>
<DATETIME></DATETIME>
<BODY>well how do we make it happen?</BODY>
<COMMENT>(note the eagerness. he really wants to make this a reality.)</COMMENT>
<CODING>
<VERSION>jleno9.elkilmer.coded.txt</VERSION>
<CATEGORY>900</CATEGORY>
<TONE>2</TONE>
</CODING>
<CODING>
<VERSION>jleno9.rokress.both.coded.txt</VERSION>
<CATEGORY>900</CATEGORY>
<TONE>2</TONE>
</CODING>
</POST>
<POST>
<USERNAME>baby_cakes_1990</USERNAME>
<DATETIME></DATETIME>
<BODY>dunno i never done this b4</BODY>
<COMMENT></COMMENT>
</POST>
<POST>
<USERNAME>jleno9</USERNAME>
<DATETIME></DATETIME>
<BODY>well when might you have a couple of hours available?</BODY>
<COMMENT></COMMENT>
<CODING>
<VERSION>jleno9.elkilmer.coded.txt</VERSION>
<CATEGORY>900</CATEGORY>
<TONE>2</TONE>
</CODING>
<CODING>
<VERSION>jleno9.rokress.both.coded.txt</VERSION>
<CATEGORY>900</CATEGORY>
<TONE>2</TONE>
</CODING>
</POST>
<POST>
<USERNAME>baby_cakes_1990</USERNAME>
<DATETIME></DATETIME>
<BODY>dood my dads at work now</BODY>
<COMMENT></COMMENT>
</POST>
<POST>
<USERNAME>jleno9</USERNAME>
<DATETIME></DATETIME>
<BODY>yeah but when do you have time to get out?</BODY>
<COMMENT></COMMENT>
<CODING>
<VERSION>jleno9.elkilmer.coded.txt</VERSION>
<CATEGORY>900</CATEGORY>
<TONE>2</TONE>
</CODING>
<CODING>
<VERSION>jleno9.rokress.both.coded.txt</VERSION>
<CATEGORY>900</CATEGORY>
<TONE>2</TONE>
</CODING>
</POST>
<POST>
<USERNAME>baby_cakes_1990</USERNAME>
<DATETIME></DATETIME>
<BODY>i got nuttin but homework goin on now</BODY>
<COMMENT></COMMENT>
</POST>
<POST>
<USERNAME>jleno9</USERNAME>
<DATETIME></DATETIME>
<BODY>well you need to let me know when you can get away</BODY>
<COMMENT></COMMENT>
<CODING>
<VERSION>jleno9.elkilmer.coded.txt</VERSION>
<CATEGORY>900</CATEGORY>
<TONE>1</TONE>
</CODING>
<CODING>
<VERSION>jleno9.rokress.both.coded.txt</VERSION>
<CATEGORY>900</CATEGORY>
<TONE>4</TONE>
</CODING>
</POST>
<POST>
<USERNAME>baby_cakes_1990</USERNAME>
<DATETIME></DATETIME>
<BODY>im tellin u d00d i got time liek 2nite</BODY>
<COMMENT></COMMENT>
</POST>
<POST>
<USERNAME>jleno9</USERNAME>
<DATETIME></DATETIME>
<BODY>think about hot nice it will feel to have your pussy eaten</BODY>
<COMMENT>(again...i'm speechless.)</COMMENT>
<CODING>
<VERSION>jleno9.elkilmer.coded.txt</VERSION>
<CATEGORY>600</CATEGORY>
<TONE>4</TONE>
</CODING>
<CODING>
<VERSION>jleno9.rokress.both.coded.txt</VERSION>
<CATEGORY>600</CATEGORY>
<TONE>4</TONE>
</CODING>
</POST>
<POST>
<USERNAME>baby_cakes_1990</USERNAME>
<DATETIME></DATETIME>
<BODY>and im all horny now</BODY>
<COMMENT></COMMENT>
</POST>
<POST>
<USERNAME>jleno9</USERNAME>
<DATETIME></DATETIME>
<BODY>you? you should see my cock now</BODY>
<COMMENT>(why? so i can admire its shiny little copper top?)</COMMENT>
<CODING>
<VERSION>jleno9.elkilmer.coded.txt</VERSION>
<CATEGORY>600</CATEGORY>
<TONE>1</TONE>
</CODING>
<CODING>
<VERSION>jleno9.rokress.both.coded.txt</VERSION>
<CATEGORY>600</CATEGORY>
<TONE>23</TONE>
</CODING>
</POST>
<POST>
<USERNAME>baby_cakes_1990</USERNAME>
<DATETIME></DATETIME>
<BODY>i dont wanna waste notime</BODY>
<COMMENT></COMMENT>
</POST>
<POST>
<USERNAME>jleno9</USERNAME>
<DATETIME></DATETIME>
<BODY>well it woould be nice to have a little notice</BODY>
<COMMENT></COMMENT>
</POST>
<POST>
<USERNAME>baby_cakes_1990</USERNAME>
<DATETIME></DATETIME>
<BODY>why</BODY>
<COMMENT></COMMENT>
</POST>
<POST>
<USERNAME>jleno9</USERNAME>
<DATETIME></DATETIME>
<BODY>about 45 minutes to oak park for me</BODY>
<COMMENT></COMMENT>
<CODING>
<VERSION>jleno9.elkilmer.coded.txt</VERSION>
<CATEGORY>900</CATEGORY>
<TONE>1</TONE>
</CODING>
<CODING>
<VERSION>jleno9.rokress.both.coded.txt</VERSION>
<CATEGORY>200</CATEGORY>
<TONE>3</TONE>
</CODING>
</POST>
<POST>
<USERNAME>baby_cakes_1990</USERNAME>
<DATETIME></DATETIME>
<BODY>u married</BODY>
<COMMENT></COMMENT>
</POST>
<POST>
<USERNAME>jleno9</USERNAME>
<DATETIME></DATETIME>
<BODY>yes</BODY>
<COMMENT>(uh-oh. jim's married. man would it be a shame if jim's wife were to discover his hobby of photographing and fucking prepubescent girls. maybe we shouldn't tell her? nah. we should.)</COMMENT>
</POST>
<POST>
<USERNAME>baby_cakes_1990</USERNAME>
<DATETIME></DATETIME>
<BODY>dont want her findin out</BODY>
<COMMENT></COMMENT>
</POST>
<POST>
<USERNAME>jleno9</USERNAME>
<DATETIME></DATETIME>
<BODY>fer sure</BODY>
<COMMENT></COMMENT>
</POST>
<POST>
<USERNAME>baby_cakes_1990</USERNAME>
<DATETIME></DATETIME>
<BODY>well, my dad dont get home till way late</BODY>
<COMMENT></COMMENT>
</POST>
<POST>
<USERNAME>jleno9</USERNAME>
<DATETIME></DATETIME>
<BODY>well does he always work late on wednesday nights?</BODY>
<COMMENT></COMMENT>
<CODING>
<VERSION>jleno9.elkilmer.coded.txt</VERSION>
<CATEGORY>900</CATEGORY>
<TONE>2</TONE>
</CODING>
<CODING>
<VERSION>jleno9.rokress.both.coded.txt</VERSION>
<CATEGORY>900</CATEGORY>
<TONE>32</TONE>
</CODING>
</POST>
<POST>
<USERNAME>baby_cakes_1990</USERNAME>
<DATETIME></DATETIME>
<BODY>no not always but sometimes</BODY>
<COMMENT></COMMENT>
</POST>
<POST>
<USERNAME>jleno9</USERNAME>
<DATETIME></DATETIME>
<BODY>well wouold you be able to tell me a couple of days ahead of time when he wil be gone?</BODY>
<COMMENT></COMMENT>
<CODING>
<VERSION>jleno9.elkilmer.coded.txt</VERSION>
<CATEGORY>900</CATEGORY>
<TONE>2</TONE>
</CODING>
<CODING>
<VERSION>jleno9.rokress.both.coded.txt</VERSION>
<CATEGORY>900</CATEGORY>
<TONE>2</TONE>
</CODING>
</POST>
<POST>
<USERNAME>baby_cakes_1990</USERNAME>
<DATETIME></DATETIME>
<BODY>mebbe...</BODY>
<COMMENT></COMMENT>
</POST>
<POST>
<USERNAME>baby_cakes_1990</USERNAME>
<DATETIME></DATETIME>
<BODY>why dont u gimme ur digits</BODY>
<COMMENT></COMMENT>
</POST>
<POST>
<USERNAME>jleno9</USERNAME>
<DATETIME></DATETIME>
<BODY>well if i give you my email you could send me</BODY>
<COMMENT></COMMENT>
<CODING>
<VERSION>jleno9.elkilmer.coded.txt</VERSION>
<CATEGORY>200</CATEGORY>
<TONE>1</TONE>
</CODING>
<CODING>
<VERSION>jleno9.rokress.both.coded.txt</VERSION>
<CATEGORY>200</CATEGORY>
<TONE>2</TONE>
</CODING>
</POST>
<POST>
<USERNAME>jleno9</USERNAME>
<DATETIME></DATETIME>
<BODY>a message</BODY>
<COMMENT></COMMENT>
<CODING>
<VERSION>jleno9.elkilmer.coded.txt</VERSION>
<CATEGORY>200</CATEGORY>
<TONE>1</TONE>
</CODING>
</POST>
<POST>
<USERNAME>baby_cakes_1990</USERNAME>
<DATETIME></DATETIME>
<BODY>can i call</BODY>
<COMMENT></COMMENT>
</POST>
<POST>
<USERNAME>baby_cakes_1990</USERNAME>
<DATETIME></DATETIME>
<BODY>i just wanna make sure ur 4 real</BODY>
<COMMENT></COMMENT>
</POST>
<POST>
<USERNAME>jleno9</USERNAME>
<DATETIME></DATETIME>
<BODY>right now?</BODY>
<COMMENT></COMMENT>
</POST>
<POST>
<USERNAME>baby_cakes_1990</USERNAME>
<DATETIME></DATETIME>
<BODY>yah just to say hi</BODY>
<COMMENT></COMMENT>
</POST>
<POST>
<USERNAME>baby_cakes_1990</USERNAME>
<DATETIME></DATETIME>
<BODY>il make it fast</BODY>
<COMMENT></COMMENT>
</POST>
<POST>
<USERNAME>jleno9</USERNAME>
<DATETIME></DATETIME>
<BODY>well if you want we can make it orgasmic</BODY>
<COMMENT></COMMENT>
<CODING>
<VERSION>jleno9.elkilmer.coded.txt</VERSION>
<CATEGORY>600</CATEGORY>
<TONE>1</TONE>
</CODING>
<CODING>
<VERSION>jleno9.rokress.both.coded.txt</VERSION>
<CATEGORY>600</CATEGORY>
<TONE>3</TONE>
</CODING>
</POST>
<POST>
<USERNAME>baby_cakes_1990</USERNAME>
<DATETIME></DATETIME>
<BODY>then well know were 4 real</BODY>
<COMMENT></COMMENT>
</POST>
<POST>
<USERNAME>baby_cakes_1990</USERNAME>
<DATETIME></DATETIME>
<BODY>ill keep it short</BODY>
<COMMENT></COMMENT>
</POST>
<POST>
<USERNAME>jleno9</USERNAME>
<DATETIME></DATETIME>
<BODY>let me get my phone</BODY>
<COMMENT></COMMENT>
</POST>
<POST>
<USERNAME>baby_cakes_1990</USERNAME>
<DATETIME></DATETIME>
<BODY>okies</BODY>
<COMMENT></COMMENT>
</POST>
<POST>
<USERNAME>jleno9</USERNAME>
<DATETIME></DATETIME>
<BODY>how do i know your not a cop?</BODY>
<COMMENT></COMMENT>
<CODING>
<VERSION>jleno9.elkilmer.coded.txt</VERSION>
<CATEGORY>900</CATEGORY>
<TONE>2</TONE>
</CODING>
<CODING>
<VERSION>jleno9.rokress.both.coded.txt</VERSION>
<CATEGORY>900</CATEGORY>
<TONE>2</TONE>
</CODING>
</POST>
<POST>
<USERNAME>baby_cakes_1990</USERNAME>
<DATETIME></DATETIME>
<BODY>thats why im gonna call u u nut</BODY>
<COMMENT></COMMENT>
</POST>
<POST>
<USERNAME>jleno9</USERNAME>
<DATETIME></DATETIME>
<BODY>))</BODY>
<COMMENT></COMMENT>
<CODING>
<VERSION>jleno9.rokress.both.coded.txt</VERSION>
<CATEGORY></CATEGORY>
<TONE>6</TONE>
</CODING>
</POST>
<POST>
<USERNAME>jleno9</USERNAME>
<DATETIME></DATETIME>
<BODY>hang on</BODY>
<COMMENT></COMMENT>
</POST>
<POST>
<USERNAME>baby_cakes_1990</USERNAME>
<DATETIME></DATETIME>
<BODY>hurry</BODY>
<COMMENT></COMMENT>
</POST>
<POST>
<USERNAME>jleno9</USERNAME>
<DATETIME></DATETIME>
<BODY>6704289</BODY>
<COMMENT></COMMENT>
<CODING>
<VERSION>jleno9.elkilmer.coded.txt</VERSION>
<CATEGORY>200</CATEGORY>
<TONE>1</TONE>
</CODING>
<CODING>
<VERSION>jleno9.rokress.both.coded.txt</VERSION>
<CATEGORY>200</CATEGORY>
<TONE>3</TONE>
</CODING>
</POST>
<POST>
<USERNAME>baby_cakes_1990</USERNAME>
<DATETIME></DATETIME>
<BODY>630?</BODY>
<COMMENT></COMMENT>
</POST>
<POST>
<USERNAME>baby_cakes_1990</USERNAME>
<DATETIME></DATETIME>
<BODY>847?</BODY>
<COMMENT></COMMENT>
</POST>
<POST>
<USERNAME>baby_cakes_1990</USERNAME>
<DATETIME></DATETIME>
<BODY>312?</BODY>
<COMMENT></COMMENT>
</POST>
<POST>
<USERNAME>jleno9</USERNAME>
<DATETIME></DATETIME>
<BODY>708</BODY>
<COMMENT>(for those who are taking notes, that's (708)</COMMENT>
<CODING>
<VERSION>jleno9.rokress.both.coded.txt</VERSION>
<CATEGORY>200</CATEGORY>
<TONE>3</TONE>
</CODING>
</POST>
<POST>
<USERNAME>baby_cakes_1990</USERNAME>
<DATETIME></DATETIME>
<BODY>okies where u live?</BODY>
<COMMENT></COMMENT>
</POST>
<POST>
<USERNAME>jleno9</USERNAME>
<DATETIME></DATETIME>
<BODY>south chicago burbs..hang on till my cell powers up</BODY>
<COMMENT></COMMENT>
<CODING>
<VERSION>jleno9.elkilmer.coded.txt</VERSION>
<CATEGORY>200</CATEGORY>
<TONE>3</TONE>
</CODING>
<CODING>
<VERSION>jleno9.rokress.both.coded.txt</VERSION>
<CATEGORY>200</CATEGORY>
<TONE>3</TONE>
</CODING>
</POST>
<POST>
<USERNAME>baby_cakes_1990</USERNAME>
<DATETIME></DATETIME>
<BODY>when i call answer the phone and say hey beka so i know its u okay</BODY>
<COMMENT></COMMENT>
</POST>
<POST>
<USERNAME>baby_cakes_1990</USERNAME>
<DATETIME></DATETIME>
<BODY>otherwise im gunna freek out</BODY>
<COMMENT></COMMENT>
</POST>
<POST>
<USERNAME>jleno9</USERNAME>
<DATETIME></DATETIME>
<BODY>okay</BODY>
<COMMENT></COMMENT>
</POST>
<POST>
<USERNAME>baby_cakes_1990</USERNAME>
<DATETIME></DATETIME>
<BODY>can i call</BODY>
<COMMENT></COMMENT>
</POST>
<POST>
<USERNAME>jleno9</USERNAME>
<DATETIME></DATETIME>
<BODY>hang on something goofy with my cell</BODY>
<COMMENT></COMMENT>
</POST>
<POST>
<USERNAME>baby_cakes_1990</USERNAME>
<DATETIME></DATETIME>
<BODY>whats ur name again</BODY>
<COMMENT></COMMENT>
</POST>
<POST>
<USERNAME>baby_cakes_1990</USERNAME>
<DATETIME></DATETIME>
<BODY>im gettin old over here man</BODY>
<COMMENT>(and we don't want that...i know you like 'em young.)</COMMENT>
</POST>
<POST>
<USERNAME>jleno9</USERNAME>
<DATETIME></DATETIME>
<BODY>jim</BODY>
<COMMENT></COMMENT>
<CODING>
<VERSION>jleno9.elkilmer.coded.txt</VERSION>
<CATEGORY>200</CATEGORY>
<TONE>3</TONE>
</CODING>
<CODING>
<VERSION>jleno9.rokress.both.coded.txt</VERSION>
<CATEGORY>200</CATEGORY>
<TONE>3</TONE>
</CODING>
</POST>
<POST>
<USERNAME>baby_cakes_1990</USERNAME>
<DATETIME></DATETIME>
<BODY></BODY>
<COMMENT></COMMENT>
</POST>
<POST>
<USERNAME>baby_cakes_1990</USERNAME>
<DATETIME></DATETIME>
<BODY>ur jim okay jim im callen dont forget say hey beka okay?</BODY>
<COMMENT></COMMENT>
</POST>
<POST>
<USERNAME>jleno9</USERNAME>
<DATETIME></DATETIME>
<BODY>i wont but i dont get what the hell is wrong with my phone...</BODY>
<COMMENT></COMMENT>
</POST>
<POST>
<USERNAME>baby_cakes_1990</USERNAME>
<DATETIME></DATETIME>
<BODY>can i call</BODY>
<COMMENT></COMMENT>
</POST>
<POST>
<USERNAME>baby_cakes_1990</USERNAME>
<DATETIME></DATETIME>
<BODY>can i call</BODY>
<COMMENT></COMMENT>
</POST>
<POST>
<USERNAME>baby_cakes_1990</USERNAME>
<DATETIME></DATETIME>
<BODY>how bout now</BODY>
<COMMENT></COMMENT>
</POST>
<POST>
<USERNAME>jleno9</USERNAME>
<DATETIME></DATETIME>
<BODY>call this number..3498586</BODY>
<COMMENT></COMMENT>
<CODING>
<VERSION>jleno9.elkilmer.coded.txt</VERSION>
<CATEGORY>900</CATEGORY>
<TONE>4</TONE>
</CODING>
<CODING>
<VERSION>jleno9.rokress.both.coded.txt</VERSION>
<CATEGORY>900</CATEGORY>
<TONE>4</TONE>
</CODING>
</POST>
<POST>
<USERNAME>jleno9</USERNAME>
<DATETIME></DATETIME>
<BODY>okay?</BODY>
<COMMENT></COMMENT>
</POST>
<POST>
<USERNAME>baby_cakes_1990</USERNAME>
<DATETIME></DATETIME>
<BODY>708?</BODY>
<COMMENT>(once again, that's (708)</COMMENT>
</POST>
<POST>
<USERNAME>jleno9</USERNAME>
<DATETIME></DATETIME>
<BODY>yes</BODY>
<COMMENT></COMMENT>
</POST>
<POST>
<USERNAME>baby_cakes_1990</USERNAME>
<DATETIME></DATETIME>
<BODY>callen now</BODY>
<COMMENT></COMMENT>
</POST>
<POST>
<USERNAME>baby_cakes_1990</USERNAME>
<DATETIME></DATETIME>
<BODY>heehe</BODY>
<COMMENT></COMMENT>
</POST>
<POST>
<USERNAME></USERNAME>
<DATETIME></DATETIME>
<BODY>(i *67 and dial. then, i hand the phone to my lovely wife, who has a youngish-sounding voice...but only when she wants to. he picks up with "hey, beka." my wife has a brief conversation with jim, mostly consisting of him asking her to call back on the original number...his cell. he's apparently sold on "my" authenticity.)</BODY>
<COMMENT></COMMENT>
</POST>
<POST>
<USERNAME>baby_cakes_1990</USERNAME>
<DATETIME></DATETIME>
<BODY>callen the other 1</BODY>
<COMMENT></COMMENT>
</POST>
<POST>
<USERNAME>baby_cakes_1990</USERNAME>
<DATETIME></DATETIME>
<BODY>is that other one ur cell</BODY>
<COMMENT></COMMENT>
</POST>
<POST>
<USERNAME>jleno9</USERNAME>
<DATETIME></DATETIME>
<BODY>coool</BODY>
<COMMENT></COMMENT>
</POST>
<POST>
<USERNAME>jleno9</USERNAME>
<DATETIME></DATETIME>
<BODY>yes</BODY>
<COMMENT></COMMENT>
</POST>
<POST>
<USERNAME>baby_cakes_1990</USERNAME>
<DATETIME></DATETIME>
<BODY>kewl</BODY>
<COMMENT></COMMENT>
</POST>
<POST>
<USERNAME>baby_cakes_1990</USERNAME>
<DATETIME></DATETIME>
<BODY>kewl glad i got both numbers</BODY>
<COMMENT></COMMENT>
</POST>
<POST>
<USERNAME></USERNAME>
<DATETIME></DATETIME>
<BODY>(again, *67 and call. again, "hey beka." that's enough. she hangs up.)</BODY>
<COMMENT></COMMENT>
</POST>
<POST>
<USERNAME>jleno9</USERNAME>
<DATETIME></DATETIME>
<BODY>you gonna call?</BODY>
<COMMENT></COMMENT>
<CODING>
<VERSION>jleno9.elkilmer.coded.txt</VERSION>
<CATEGORY>900</CATEGORY>
<TONE>2</TONE>
</CODING>
<CODING>
<VERSION>jleno9.rokress.both.coded.txt</VERSION>
<CATEGORY>900</CATEGORY>
<TONE>2</TONE>
</CODING>
</POST>
<POST>
<USERNAME>baby_cakes_1990</USERNAME>
<DATETIME></DATETIME>
<BODY>and i'm also glad that you answered the phone both times with the special codephrase i gave you. the folks at http://www.perverted-justice.com really enjoy having multiple methods of reaching the wannabee pedophile posterboys we feature on the site.</BODY>
<COMMENT></COMMENT>
</POST>
<POST>
<USERNAME>baby_cakes_1990</USERNAME>
<DATETIME></DATETIME>
<BODY>you might wanna bookmark that site. your name, telephone number, photo, and a transcript of this chatlog will appear on the front page within 24 hours. congratulations, you sick, twisted fuckmeat! hope you enjoy your new celebrity as a wannabee pedophile posterboy, you pathetic shitbag!</BODY>
<COMMENT></COMMENT>
</POST>
<POST>
<USERNAME>baby_cakes_1990</USERNAME>
<DATETIME></DATETIME>
<BODY>got anything to say for yourself, you disgusting pig?</BODY>
<COMMENT></COMMENT>
</POST>
<POST>
<USERNAME>baby_cakes_1990</USERNAME>
<DATETIME></DATETIME>
<BODY>anything at all?</BODY>
<COMMENT></COMMENT>
</POST>
<POST>
<USERNAME>baby_cakes_1990</USERNAME>
<DATETIME></DATETIME>
<BODY>the folks who will be reading this chatlog might take it easier on you if you sound at least a little sorry that you tried to fuck a 13-year-old girl.</BODY>
<COMMENT></COMMENT>
</POST>
<POST>
<USERNAME>baby_cakes_1990</USERNAME>
<DATETIME></DATETIME>
<BODY>and take kiddie-porn photos of her.</BODY>
<COMMENT></COMMENT>
</POST>
<POST>
<USERNAME>baby_cakes_1990</USERNAME>
<DATETIME></DATETIME>
<BODY>you foul, mealy-mouthed, revolting pile of human excrement.</BODY>
<COMMENT></COMMENT>
</POST>
<POST>
<USERNAME>baby_cakes_1990</USERNAME>
<DATETIME></DATETIME>
<BODY>you disgust me.</BODY>
<COMMENT></COMMENT>
</POST>
<POST>
<USERNAME>baby_cakes_1990</USERNAME>
<DATETIME></DATETIME>
<BODY>nothing at all to say, huh?</BODY>
<COMMENT></COMMENT>
</POST>
<POST>
<USERNAME>baby_cakes_1990</USERNAME>
<DATETIME></DATETIME>
<BODY>you have fifteen seconds to defend yourself. after that, i'm scurrying off to post everything about you on our website.</BODY>
<COMMENT></COMMENT>
</POST>
<POST>
<USERNAME>baby_cakes_1990</USERNAME>
<DATETIME></DATETIME>
<BODY>14</BODY>
<COMMENT></COMMENT>
</POST>
<POST>
<USERNAME>baby_cakes_1990</USERNAME>
<DATETIME></DATETIME>
<BODY>13</BODY>
<COMMENT></COMMENT>
</POST>
<POST>
<USERNAME>baby_cakes_1990</USERNAME>
<DATETIME></DATETIME>
<BODY>12</BODY>
<COMMENT></COMMENT>
</POST>
<POST>
<USERNAME>baby_cakes_1990</USERNAME>
<DATETIME></DATETIME>
<BODY>11</BODY>
<COMMENT></COMMENT>
</POST>
<POST>
<USERNAME>baby_cakes_1990</USERNAME>
<DATETIME></DATETIME>
<BODY>10</BODY>
<COMMENT></COMMENT>
</POST>
<POST>
<USERNAME>baby_cakes_1990</USERNAME>
<DATETIME></DATETIME>
<BODY>9</BODY>
<COMMENT></COMMENT>
</POST>
<POST>
<USERNAME>baby_cakes_1990</USERNAME>
<DATETIME></DATETIME>
<BODY>8</BODY>
<COMMENT></COMMENT>
</POST>
<POST>
<USERNAME>baby_cakes_1990</USERNAME>
<DATETIME></DATETIME>
<BODY>7</BODY>
<COMMENT></COMMENT>
</POST>
<POST>
<USERNAME>baby_cakes_1990</USERNAME>
<DATETIME></DATETIME>
<BODY>6</BODY>
<COMMENT></COMMENT>
</POST>
<POST>
<USERNAME>baby_cakes_1990</USERNAME>
<DATETIME></DATETIME>
<BODY>5</BODY>
<COMMENT></COMMENT>
</POST>
<POST>
<USERNAME>baby_cakes_1990</USERNAME>
<DATETIME></DATETIME>
<BODY>4</BODY>
<COMMENT></COMMENT>
</POST>
<POST>
<USERNAME>baby_cakes_1990</USERNAME>
<DATETIME></DATETIME>
<BODY>3</BODY>
<COMMENT></COMMENT>
</POST>
<POST>
<USERNAME>baby_cakes_1990</USERNAME>
<DATETIME></DATETIME>
<BODY>2</BODY>
<COMMENT></COMMENT>
</POST>
<POST>
<USERNAME>baby_cakes_1990</USERNAME>
<DATETIME></DATETIME>
<BODY>1</BODY>
<COMMENT></COMMENT>
</POST>
<POST>
<USERNAME>baby_cakes_1990</USERNAME>
<DATETIME></DATETIME>
<BODY>have it your way, you ass-faced troglodyte. enjoy your new celebrity.</BODY>
<COMMENT></COMMENT>
</POST>
</CHATLOG>