<!DOCTYPE CHATLOG SYSTEM 'chatlog.dtd'>
<CHATLOG>
<PREDATOR>
<FIRSTNAME>Deep</FIRSTNAME>
<LASTNAME>Arora</LASTNAME>
<STATEDNAME>Amit</STATEDNAME>
<STATEDAGE>19</STATEDAGE>
<AGE>19</AGE>
<GENDER>Male</GENDER>
<RACE></RACE>
<CITY>Orange</CITY>
<STATE>CA</STATE>
<REPEATOFFENDER>false</REPEATOFFENDER>
<ADMITGUILT>false</ADMITGUILT>
<TRUTHFULNAME>false</TRUTHFULNAME>
<SCREENNAME>
<USERNAME>mikespikegetiingcrazytocu</USERNAME>
<HOST></HOST>
</SCREENNAME>
</PREDATOR>
<VICTIM>
<FIRSTNAME>EL</FIRSTNAME>
<LASTNAME>Fudge</LASTNAME>
<STATEDNAME>Emily</STATEDNAME>
<STATEDAGE>12</STATEDAGE>
<GENDER>Female</GENDER>
<RACE></RACE>
<CITY>Laguna Beach</CITY>
<STATE>CA</STATE>
<PREVIOUSVICTIMIZATION>false</PREVIOUSVICTIMIZATION>
<ADMITGUILT>false</ADMITGUILT>
<SCREENNAME>
<USERNAME>emmys_a_peach121</USERNAME>
<HOST></HOST>
</SCREENNAME>
</VICTIM>
<CODINGVERSION>
<NAME>mikespikegetiingcrazytocu.almcbride.coded.txt</NAME>
<CODER>almcbride</CODER>
</CODINGVERSION>
<POST>
<USERNAME></USERNAME>
<DATETIME></DATETIME>
<BODY>2/18/06</BODY>
<COMMENT></COMMENT>
</POST>
<POST>
<USERNAME>mikespikegetiingcrazytocu</USERNAME>
<DATETIME>(8:41:53 pm)</DATETIME>
<BODY>hey</BODY>
<COMMENT></COMMENT>
</POST>
<POST>
<USERNAME>mikespikegetiingcrazytocu</USERNAME>
<DATETIME>(8:41:56 pm)</DATETIME>
<BODY>wats up</BODY>
<COMMENT></COMMENT>
</POST>
<POST>
<USERNAME>emmys_a_peach121</USERNAME>
<DATETIME>(8:50:11 pm)</DATETIME>
<BODY>hay asl?</BODY>
<COMMENT></COMMENT>
</POST>
<POST>
<USERNAME>mikespikegetiingcrazytocu</USERNAME>
<DATETIME>(8:50:18 pm)</DATETIME>
<BODY>19m</BODY>
<COMMENT></COMMENT>
<CODING>
<VERSION>mikespikegetiingcrazytocu.almcbride.coded.txt</VERSION>
<CATEGORY>200</CATEGORY>
<TONE>3</TONE>
</CODING>
</POST>
<POST>
<USERNAME>mikespikegetiingcrazytocu</USERNAME>
<DATETIME>(8:50:19 pm)</DATETIME>
<BODY>calif</BODY>
<COMMENT></COMMENT>
<CODING>
<VERSION>mikespikegetiingcrazytocu.almcbride.coded.txt</VERSION>
<CATEGORY>200</CATEGORY>
<TONE>3</TONE>
</CODING>
</POST>
<POST>
<USERNAME>mikespikegetiingcrazytocu</USERNAME>
<DATETIME>(8:50:20 pm)</DATETIME>
<BODY>u?</BODY>
<COMMENT></COMMENT>
<CODING>
<VERSION>mikespikegetiingcrazytocu.almcbride.coded.txt</VERSION>
<CATEGORY>200</CATEGORY>
<TONE>2</TONE>
</CODING>
</POST>
<POST>
<USERNAME>emmys_a_peach121</USERNAME>
<DATETIME>(8:50:25 pm)</DATETIME>
<BODY>12/f laguna beach</BODY>
<COMMENT></COMMENT>
</POST>
<POST>
<USERNAME>mikespikegetiingcrazytocu</USERNAME>
<DATETIME>(8:50:41 pm)</DATETIME>
<BODY>from calif</BODY>
<COMMENT></COMMENT>
<CODING>
<VERSION>mikespikegetiingcrazytocu.almcbride.coded.txt</VERSION>
<CATEGORY>200</CATEGORY>
<TONE>2</TONE>
</CODING>
</POST>
<POST>
<USERNAME>emmys_a_peach121</USERNAME>
<DATETIME>(8:50:58 pm)</DATETIME>
<BODY>ya</BODY>
<COMMENT></COMMENT>
</POST>
<POST>
<USERNAME>mikespikegetiingcrazytocu</USERNAME>
<DATETIME>(8:51:13 pm)</DATETIME>
<BODY>but u r 2 young</BODY>
<COMMENT></COMMENT>
</POST>
<POST>
<USERNAME>mikespikegetiingcrazytocu</USERNAME>
<DATETIME>(8:51:21 pm)</DATETIME>
<BODY>wat r ur hobbies anyway</BODY>
<COMMENT></COMMENT>
<CODING>
<VERSION>mikespikegetiingcrazytocu.almcbride.coded.txt</VERSION>
<CATEGORY>200</CATEGORY>
<TONE>2</TONE>
</CODING>
</POST>
<POST>
<USERNAME>mikespikegetiingcrazytocu</USERNAME>
<DATETIME>(8:51:24 pm)</DATETIME>
<BODY>s</BODY>
<COMMENT></COMMENT>
</POST>
<POST>
<USERNAME>mikespikegetiingcrazytocu</USERNAME>
<DATETIME>(8:52:08 pm)</DATETIME>
<BODY>hey</BODY>
<COMMENT></COMMENT>
</POST>
<POST>
<USERNAME>emmys_a_peach121</USERNAME>
<DATETIME>(8:52:11 pm)</DATETIME>
<BODY>i like 2 go to tha mall</BODY>
<COMMENT></COMMENT>
</POST>
<POST>
<USERNAME>emmys_a_peach121</USERNAME>
<DATETIME>(8:52:19 pm)</DATETIME>
<BODY>n hang out wit my friens</BODY>
<COMMENT></COMMENT>
</POST>
<POST>
<USERNAME>mikespikegetiingcrazytocu</USERNAME>
<DATETIME>(8:52:24 pm)</DATETIME>
<BODY>cool</BODY>
<COMMENT></COMMENT>
</POST>
<POST>
<USERNAME>mikespikegetiingcrazytocu</USERNAME>
<DATETIME>(8:52:27 pm)</DATETIME>
<BODY>freinds</BODY>
<COMMENT></COMMENT>
</POST>
<POST>
<USERNAME>mikespikegetiingcrazytocu</USERNAME>
<DATETIME>(8:52:29 pm)</DATETIME>
<BODY>or bf?</BODY>
<COMMENT></COMMENT>
<CODING>
<VERSION>mikespikegetiingcrazytocu.almcbride.coded.txt</VERSION>
<CATEGORY>200</CATEGORY>
<TONE>2</TONE>
</CODING>
</POST>
<POST>
<USERNAME>emmys_a_peach121</USERNAME>
<DATETIME>(8:52:37 pm)</DATETIME>
<BODY>friens i dont got a bf yet</BODY>
<COMMENT></COMMENT>
</POST>
<POST>
<USERNAME>mikespikegetiingcrazytocu</USERNAME>
<DATETIME>(8:52:42 pm)</DATETIME>
<BODY>y?</BODY>
<COMMENT></COMMENT>
</POST>
<POST>
<USERNAME>emmys_a_peach121</USERNAME>
<DATETIME>(8:53:14 pm)</DATETIME>
<BODY>dad sayz im too young but im not a baby</BODY>
<COMMENT></COMMENT>
</POST>
<POST>
<USERNAME>mikespikegetiingcrazytocu</USERNAME>
<DATETIME>(8:53:33 pm)</DATETIME>
<BODY>ya</BODY>
<COMMENT></COMMENT>
</POST>
<POST>
<USERNAME>mikespikegetiingcrazytocu</USERNAME>
<DATETIME>(8:53:35 pm)</DATETIME>
<BODY>thats true</BODY>
<COMMENT></COMMENT>
</POST>
<POST>
<USERNAME>mikespikegetiingcrazytocu</USERNAME>
<DATETIME>(8:53:46 pm)</DATETIME>
<BODY>do u have cam?</BODY>
<COMMENT></COMMENT>
</POST>
<POST>
<USERNAME>emmys_a_peach121</USERNAME>
<DATETIME>(8:54:35 pm)</DATETIME>
<BODY>no dad took it away when i threw it at him cuz i got mad</BODY>
<COMMENT></COMMENT>
</POST>
<POST>
<USERNAME>mikespikegetiingcrazytocu</USERNAME>
<DATETIME>(8:55:11 pm)</DATETIME>
<BODY>lol</BODY>
<COMMENT></COMMENT>
</POST>
<POST>
<USERNAME>mikespikegetiingcrazytocu</USERNAME>
<DATETIME>(8:55:17 pm)</DATETIME>
<BODY>u did u get mad</BODY>
<COMMENT></COMMENT>
</POST>
<POST>
<USERNAME>mikespikegetiingcrazytocu</USERNAME>
<DATETIME>(8:55:37 pm)</DATETIME>
<BODY>y*</BODY>
<COMMENT></COMMENT>
</POST>
<POST>
<USERNAME>mikespikegetiingcrazytocu</USERNAME>
<DATETIME>(8:56:01 pm)</DATETIME>
<BODY>ur dad seems to be a very tough person</BODY>
<COMMENT></COMMENT>
</POST>
<POST>
<USERNAME>emmys_a_peach121</USERNAME>
<DATETIME>(8:56:14 pm)</DATETIME>
<BODY>dadz a doctor</BODY>
<COMMENT></COMMENT>
</POST>
<POST>
<USERNAME>emmys_a_peach121</USERNAME>
<DATETIME>(8:56:19 pm)</DATETIME>
<BODY>i jus got mad</BODY>
<COMMENT></COMMENT>
</POST>
<POST>
<USERNAME>emmys_a_peach121</USERNAME>
<DATETIME>(8:56:26 pm)</DATETIME>
<BODY>he wouldnt let me go 2 the beach</BODY>
<COMMENT></COMMENT>
</POST>
<POST>
<USERNAME>mikespikegetiingcrazytocu</USERNAME>
<DATETIME>(8:56:40 pm)</DATETIME>
<BODY>wats ur name?</BODY>
<COMMENT></COMMENT>
<CODING>
<VERSION>mikespikegetiingcrazytocu.almcbride.coded.txt</VERSION>
<CATEGORY>200</CATEGORY>
<TONE>2</TONE>
</CODING>
</POST>
<POST>
<USERNAME>emmys_a_peach121</USERNAME>
<DATETIME>(8:57:11 pm)</DATETIME>
<BODY>emily</BODY>
<COMMENT></COMMENT>
</POST>
<POST>
<USERNAME>mikespikegetiingcrazytocu</USERNAME>
<DATETIME>(8:57:19 pm)</DATETIME>
<BODY>well emily</BODY>
<COMMENT></COMMENT>
</POST>
<POST>
<USERNAME>mikespikegetiingcrazytocu</USERNAME>
<DATETIME>(8:57:27 pm)</DATETIME>
<BODY>u need not to ask ur dad</BODY>
<COMMENT></COMMENT>
</POST>
<POST>
<USERNAME>mikespikegetiingcrazytocu</USERNAME>
<DATETIME>(8:57:32 pm)</DATETIME>
<BODY>u have freedom</BODY>
<COMMENT></COMMENT>
</POST>
<POST>
<USERNAME>mikespikegetiingcrazytocu</USERNAME>
<DATETIME>(8:57:34 pm)</DATETIME>
<BODY>make a bf</BODY>
<COMMENT></COMMENT>
</POST>
<POST>
<USERNAME>mikespikegetiingcrazytocu</USERNAME>
<DATETIME>(8:57:40 pm)</DATETIME>
<BODY>he will take u to beach</BODY>
<COMMENT></COMMENT>
</POST>
<POST>
<USERNAME>emmys_a_peach121</USERNAME>
<DATETIME>(8:57:41 pm)</DATETIME>
<BODY>ya i hav freedom but no car</BODY>
<COMMENT></COMMENT>
</POST>
<POST>
<USERNAME>emmys_a_peach121</USERNAME>
<DATETIME>(8:57:45 pm)</DATETIME>
<BODY>where in ali r u?</BODY>
<COMMENT></COMMENT>
</POST>
<POST>
<USERNAME>emmys_a_peach121</USERNAME>
<DATETIME>(8:57:46 pm)</DATETIME>
<BODY>cali</BODY>
<COMMENT></COMMENT>
</POST>
<POST>
<USERNAME>mikespikegetiingcrazytocu</USERNAME>
<DATETIME>(8:58:03 pm)</DATETIME>
<BODY>i m in orange county</BODY>
<COMMENT></COMMENT>
<CODING>
<VERSION>mikespikegetiingcrazytocu.almcbride.coded.txt</VERSION>
<CATEGORY>200</CATEGORY>
<TONE>1</TONE>
</CODING>
</POST>
<POST>
<USERNAME>emmys_a_peach121</USERNAME>
<DATETIME>(8:58:11 pm)</DATETIME>
<BODY>kewl how far is that from laguna beach?</BODY>
<COMMENT></COMMENT>
</POST>
<POST>
<USERNAME>mikespikegetiingcrazytocu</USERNAME>
<DATETIME>(8:58:23 pm)</DATETIME>
<BODY>not far away</BODY>
<COMMENT></COMMENT>
</POST>
<POST>
<USERNAME>emmys_a_peach121</USERNAME>
<DATETIME>(8:58:29 pm)</DATETIME>
<BODY>kewl</BODY>
<COMMENT></COMMENT>
</POST>
<POST>
<USERNAME>mikespikegetiingcrazytocu</USERNAME>
<DATETIME>(8:58:37 pm)</DATETIME>
<BODY>wat?</BODY>
<COMMENT></COMMENT>
</POST>
<POST>
<USERNAME>mikespikegetiingcrazytocu</USERNAME>
<DATETIME>(8:58:52 pm)</DATETIME>
<BODY>ok</BODY>
<COMMENT></COMMENT>
</POST>
<POST>
<USERNAME>mikespikegetiingcrazytocu</USERNAME>
<DATETIME>(8:59:01 pm)</DATETIME>
<BODY>u wana go out with me</BODY>
<COMMENT></COMMENT>
<CODING>
<VERSION>mikespikegetiingcrazytocu.almcbride.coded.txt</VERSION>
<CATEGORY>200</CATEGORY>
<TONE>2</TONE>
</CODING>
</POST>
<POST>
<USERNAME>mikespikegetiingcrazytocu</USERNAME>
<DATETIME>(9:00:22 pm)</DATETIME>
<BODY>u there>?</BODY>
<COMMENT></COMMENT>
</POST>
<POST>
<USERNAME>emmys_a_peach121</USERNAME>
<DATETIME>(9:00:48 pm)</DATETIME>
<BODY>sure</BODY>
<COMMENT></COMMENT>
</POST>
<POST>
<USERNAME>emmys_a_peach121</USERNAME>
<DATETIME>(9:00:55 pm)</DATETIME>
<BODY>when would u want to go out?</BODY>
<COMMENT></COMMENT>
</POST>
<POST>
<USERNAME>mikespikegetiingcrazytocu</USERNAME>
<DATETIME>(9:01:09 pm)</DATETIME>
<BODY>tommorow</BODY>
<COMMENT></COMMENT>
<CODING>
<VERSION>mikespikegetiingcrazytocu.almcbride.coded.txt</VERSION>
<CATEGORY>900</CATEGORY>
<TONE>1</TONE>
</CODING>
</POST>
<POST>
<USERNAME>mikespikegetiingcrazytocu</USERNAME>
<DATETIME>(9:01:12 pm)</DATETIME>
<BODY>can u?</BODY>
<COMMENT></COMMENT>
<CODING>
<VERSION>mikespikegetiingcrazytocu.almcbride.coded.txt</VERSION>
<CATEGORY>900</CATEGORY>
<TONE>2</TONE>
</CODING>
</POST>
<POST>
<USERNAME>emmys_a_peach121</USERNAME>
<DATETIME>(9:01:22 pm)</DATETIME>
<BODY>i cant dads out tonite tho</BODY>
<COMMENT></COMMENT>
</POST>
<POST>
<USERNAME>emmys_a_peach121</USERNAME>
<DATETIME>(9:01:28 pm)</DATETIME>
<BODY>hes at the hospital till like 230</BODY>
<COMMENT></COMMENT>
</POST>
<POST>
<USERNAME>mikespikegetiingcrazytocu</USERNAME>
<DATETIME>(9:01:41 pm)</DATETIME>
<BODY>so wat about tonoite?</BODY>
<COMMENT></COMMENT>
<CODING>
<VERSION>mikespikegetiingcrazytocu.almcbride.coded.txt</VERSION>
<CATEGORY>900</CATEGORY>
<TONE>2</TONE>
</CODING>
</POST>
<POST>
<USERNAME>emmys_a_peach121</USERNAME>
<DATETIME>(9:01:48 pm)</DATETIME>
<BODY>ok, what would we do?</BODY>
<COMMENT></COMMENT>
</POST>
<POST>
<USERNAME>mikespikegetiingcrazytocu</USERNAME>
<DATETIME>(9:01:56 pm)</DATETIME>
<BODY>watever u like</BODY>
<COMMENT></COMMENT>
<CODING>
<VERSION>mikespikegetiingcrazytocu.almcbride.coded.txt</VERSION>
<CATEGORY>900</CATEGORY>
<TONE>3</TONE>
</CODING>
</POST>
<POST>
<USERNAME>emmys_a_peach121</USERNAME>
<DATETIME>(9:02:02 pm)</DATETIME>
<BODY>well what would u like?</BODY>
<COMMENT></COMMENT>
</POST>
<POST>
<USERNAME>mikespikegetiingcrazytocu</USERNAME>
<DATETIME>(9:02:25 pm)</DATETIME>
<BODY>everything that will please u</BODY>
<COMMENT></COMMENT>
<CODING>
<VERSION>mikespikegetiingcrazytocu.almcbride.coded.txt</VERSION>
<CATEGORY>600</CATEGORY>
<TONE>3</TONE>
</CODING>
</POST>
<POST>
<USERNAME>emmys_a_peach121</USERNAME>
<DATETIME>(9:02:35 pm)</DATETIME>
<BODY>like wat?</BODY>
<COMMENT></COMMENT>
</POST>
<POST>
<USERNAME>mikespikegetiingcrazytocu</USERNAME>
<DATETIME>(9:02:54 pm)</DATETIME>
<BODY>do u like sex?</BODY>
<COMMENT></COMMENT>
<CODING>
<VERSION>mikespikegetiingcrazytocu.almcbride.coded.txt</VERSION>
<CATEGORY>600</CATEGORY>
<TONE>3</TONE>
</CODING>
</POST>
<POST>
<USERNAME>emmys_a_peach121</USERNAME>
<DATETIME>(9:03:05 pm)</DATETIME>
<BODY>i learned about it in school</BODY>
<COMMENT></COMMENT>
</POST>
<POST>
<USERNAME>mikespikegetiingcrazytocu</USERNAME>
<DATETIME>(9:03:17 pm)</DATETIME>
<BODY>i will show u</BODY>
<COMMENT></COMMENT>
<CODING>
<VERSION>mikespikegetiingcrazytocu.almcbride.coded.txt</VERSION>
<CATEGORY>600</CATEGORY>
<TONE>1</TONE>
</CODING>
</POST>
<POST>
<USERNAME>mikespikegetiingcrazytocu</USERNAME>
<DATETIME>(9:03:23 pm)</DATETIME>
<BODY>everything</BODY>
<COMMENT></COMMENT>
<CODING>
<VERSION>mikespikegetiingcrazytocu.almcbride.coded.txt</VERSION>
<CATEGORY>600</CATEGORY>
<TONE>1</TONE>
</CODING>
</POST>
<POST>
<USERNAME>emmys_a_peach121</USERNAME>
<DATETIME>(9:03:23 pm)</DATETIME>
<BODY>4 reals?!</BODY>
<COMMENT></COMMENT>
</POST>
<POST>
<USERNAME>mikespikegetiingcrazytocu</USERNAME>
<DATETIME>(9:03:27 pm)</DATETIME>
<BODY>yes</BODY>
<COMMENT></COMMENT>
</POST>
<POST>
<USERNAME>mikespikegetiingcrazytocu</USERNAME>
<DATETIME>(9:03:30 pm)</DATETIME>
<BODY>but safe sex</BODY>
<COMMENT></COMMENT>
<CODING>
<VERSION>mikespikegetiingcrazytocu.almcbride.coded.txt</VERSION>
<CATEGORY>600</CATEGORY>
<TONE>1</TONE>
</CODING>
</POST>
<POST>
<USERNAME>mikespikegetiingcrazytocu</USERNAME>
<DATETIME>(9:03:33 pm)</DATETIME>
<BODY>with condom</BODY>
<COMMENT></COMMENT>
<CODING>
<VERSION>mikespikegetiingcrazytocu.almcbride.coded.txt</VERSION>
<CATEGORY>600</CATEGORY>
<TONE>1</TONE>
</CODING>
</POST>
<POST>
<USERNAME>mikespikegetiingcrazytocu</USERNAME>
<DATETIME>(9:03:38 pm)</DATETIME>
<BODY>wat do u say?</BODY>
<COMMENT></COMMENT>
<CODING>
<VERSION>mikespikegetiingcrazytocu.almcbride.coded.txt</VERSION>
<CATEGORY>600</CATEGORY>
<TONE>2</TONE>
</CODING>
</POST>
<POST>
<USERNAME>emmys_a_peach121</USERNAME>
<DATETIME>(9:03:39 pm)</DATETIME>
<BODY>well ya i dont wana get preggerz</BODY>
<COMMENT></COMMENT>
</POST>
<POST>
<USERNAME>mikespikegetiingcrazytocu</USERNAME>
<DATETIME>(9:03:47 pm)</DATETIME>
<BODY>ya</BODY>
<COMMENT></COMMENT>
</POST>
<POST>
<USERNAME>mikespikegetiingcrazytocu</USERNAME>
<DATETIME>(9:04:06 pm)</DATETIME>
<BODY>so</BODY>
<COMMENT></COMMENT>
</POST>
<POST>
<USERNAME>emmys_a_peach121</USERNAME>
<DATETIME>(9:04:10 pm)</DATETIME>
<BODY>so ya!</BODY>
<COMMENT></COMMENT>
</POST>
<POST>
<USERNAME>mikespikegetiingcrazytocu</USERNAME>
<DATETIME>(9:04:13 pm)</DATETIME>
<BODY>u want to meet today?</BODY>
<COMMENT></COMMENT>
<CODING>
<VERSION>mikespikegetiingcrazytocu.almcbride.coded.txt</VERSION>
<CATEGORY>900</CATEGORY>
<TONE>2</TONE>
</CODING>
</POST>
<POST>
<USERNAME>emmys_a_peach121</USERNAME>
<DATETIME>(9:04:18 pm)</DATETIME>
<BODY>ur alrite with me bein 12?</BODY>
<COMMENT>(just incase his small brain didn't see my age the first time)</COMMENT>
</POST>
<POST>
<USERNAME>mikespikegetiingcrazytocu</USERNAME>
<DATETIME>(9:04:19 pm)</DATETIME>
<BODY>i mean tonight</BODY>
<COMMENT></COMMENT>
<CODING>
<VERSION>mikespikegetiingcrazytocu.almcbride.coded.txt</VERSION>
<CATEGORY>900</CATEGORY>
<TONE>1</TONE>
</CODING>
</POST>
<POST>
<USERNAME>emmys_a_peach121</USERNAME>
<DATETIME>(9:04:24 pm)</DATETIME>
<BODY>ya if u want to im up for it</BODY>
<COMMENT></COMMENT>
</POST>
<POST>
<USERNAME>emmys_a_peach121</USERNAME>
<DATETIME>(9:04:56 pm)</DATETIME>
<BODY>would u really come ova?</BODY>
<COMMENT></COMMENT>
</POST>
<POST>
<USERNAME>mikespikegetiingcrazytocu</USERNAME>
<DATETIME>(9:05:02 pm)</DATETIME>
<BODY>yea</BODY>
<COMMENT></COMMENT>
</POST>
<POST>
<USERNAME>mikespikegetiingcrazytocu</USERNAME>
<DATETIME>(9:05:21 pm)</DATETIME>
<BODY>we can have some fun</BODY>
<COMMENT></COMMENT>
<CODING>
<VERSION>mikespikegetiingcrazytocu.almcbride.coded.txt</VERSION>
<CATEGORY>900</CATEGORY>
<TONE>1</TONE>
</CODING>
</POST>
<POST>
<USERNAME>emmys_a_peach121</USERNAME>
<DATETIME>(9:05:34 pm)</DATETIME>
<BODY>ok:)</BODY>
<COMMENT></COMMENT>
</POST>
<POST>
<USERNAME>emmys_a_peach121</USERNAME>
<DATETIME>(9:05:45 pm)</DATETIME>
<BODY>how do i kno ur for real</BODY>
<COMMENT></COMMENT>
</POST>
<POST>
<USERNAME>emmys_a_peach121</USERNAME>
<DATETIME>(9:05:49 pm)</DATETIME>
<BODY>cn i call u to hear ur voice?</BODY>
<COMMENT></COMMENT>
</POST>
<POST>
<USERNAME>mikespikegetiingcrazytocu</USERNAME>
<DATETIME>(9:05:58 pm)</DATETIME>
<BODY>yes</BODY>
<COMMENT></COMMENT>
</POST>
<POST>
<USERNAME>mikespikegetiingcrazytocu</USERNAME>
<DATETIME>(9:06:17 pm)</DATETIME>
<BODY>i will give u my number</BODY>
<COMMENT></COMMENT>
<CODING>
<VERSION>mikespikegetiingcrazytocu.almcbride.coded.txt</VERSION>
<CATEGORY>900</CATEGORY>
<TONE>1</TONE>
</CODING>
</POST>
<POST>
<USERNAME>mikespikegetiingcrazytocu</USERNAME>
<DATETIME>(9:06:26 pm)</DATETIME>
<BODY>but let me ask u something first</BODY>
<COMMENT></COMMENT>
</POST>
<POST>
<USERNAME>emmys_a_peach121</USERNAME>
<DATETIME>(9:06:29 pm)</DATETIME>
<BODY>ok i gotta find tha phone</BODY>
<COMMENT></COMMENT>
</POST>
<POST>
<USERNAME>emmys_a_peach121</USERNAME>
<DATETIME>(9:06:32 pm)</DATETIME>
<BODY>what u wana kno?</BODY>
<COMMENT></COMMENT>
</POST>
<POST>
<USERNAME>mikespikegetiingcrazytocu</USERNAME>
<DATETIME>(9:06:38 pm)</DATETIME>
<BODY>wat about ur mom</BODY>
<COMMENT></COMMENT>
<CODING>
<VERSION>mikespikegetiingcrazytocu.almcbride.coded.txt</VERSION>
<CATEGORY>900</CATEGORY>
<TONE>2</TONE>
</CODING>
</POST>
<POST>
<USERNAME>emmys_a_peach121</USERNAME>
<DATETIME>(9:06:42 pm)</DATETIME>
<BODY>moms dead</BODY>
<COMMENT></COMMENT>
</POST>
<POST>
<USERNAME>mikespikegetiingcrazytocu</USERNAME>
<DATETIME>(9:06:50 pm)</DATETIME>
<BODY>oh</BODY>
<COMMENT></COMMENT>
</POST>
<POST>
<USERNAME>mikespikegetiingcrazytocu</USERNAME>
<DATETIME>(9:06:53 pm)</DATETIME>
<BODY>i m sorru</BODY>
<COMMENT></COMMENT>
</POST>
<POST>
<USERNAME>mikespikegetiingcrazytocu</USERNAME>
<DATETIME>(9:06:57 pm)</DATETIME>
<BODY>soory*</BODY>
<COMMENT></COMMENT>
</POST>
<POST>
<USERNAME>emmys_a_peach121</USERNAME>
<DATETIME>(9:07:10 pm)</DATETIME>
<BODY>its not ur fault</BODY>
<COMMENT></COMMENT>
</POST>
<POST>
<USERNAME>mikespikegetiingcrazytocu</USERNAME>
<DATETIME>(9:07:18 pm)</DATETIME>
<BODY>so u live with ur father</BODY>
<COMMENT></COMMENT>
</POST>
<POST>
<USERNAME>emmys_a_peach121</USERNAME>
<DATETIME>(9:07:23 pm)</DATETIME>
<BODY>ya</BODY>
<COMMENT></COMMENT>
</POST>
<POST>
<USERNAME>mikespikegetiingcrazytocu</USERNAME>
<DATETIME>(9:07:28 pm)</DATETIME>
<BODY>alone</BODY>
<COMMENT></COMMENT>
<CODING>
<VERSION>mikespikegetiingcrazytocu.almcbride.coded.txt</VERSION>
<CATEGORY>900</CATEGORY>
<TONE>2</TONE>
</CODING>
</POST>
<POST>
<USERNAME>mikespikegetiingcrazytocu</USERNAME>
<DATETIME>(9:07:37 pm)</DATETIME>
<BODY>or someone else also live with u</BODY>
<COMMENT></COMMENT>
<CODING>
<VERSION>mikespikegetiingcrazytocu.almcbride.coded.txt</VERSION>
<CATEGORY>900</CATEGORY>
<TONE>2</TONE>
</CODING>
</POST>
<POST>
<USERNAME>emmys_a_peach121</USERNAME>
<DATETIME>(9:08:09 pm)</DATETIME>
<BODY>im alone</BODY>
<COMMENT></COMMENT>
</POST>
<POST>
<USERNAME>mikespikegetiingcrazytocu</USERNAME>
<DATETIME>(9:08:22 pm)</DATETIME>
<BODY>so shall i come at ur house?</BODY>
<COMMENT></COMMENT>
<CODING>
<VERSION>mikespikegetiingcrazytocu.almcbride.coded.txt</VERSION>
<CATEGORY>900</CATEGORY>
<TONE>2</TONE>
</CODING>
</POST>
<POST>
<USERNAME>emmys_a_peach121</USERNAME>
<DATETIME>(9:08:39 pm)</DATETIME>
<BODY>ya cuz i cant drive silly</BODY>
<COMMENT></COMMENT>
</POST>
<POST>
<USERNAME>mikespikegetiingcrazytocu</USERNAME>
<DATETIME>(9:08:52 pm)</DATETIME>
<BODY>give me ur adddress than</BODY>
<COMMENT></COMMENT>
<CODING>
<VERSION>mikespikegetiingcrazytocu.almcbride.coded.txt</VERSION>
<CATEGORY>900</CATEGORY>
<TONE>4</TONE>
</CODING>
</POST>
<POST>
<USERNAME>mikespikegetiingcrazytocu</USERNAME>
<DATETIME>(9:09:01 pm)</DATETIME>
<BODY>let me find ur house on map quest</BODY>
<COMMENT></COMMENT>
<CODING>
<VERSION>mikespikegetiingcrazytocu.almcbride.coded.txt</VERSION>
<CATEGORY>900</CATEGORY>
<TONE>1</TONE>
</CODING>
</POST>
<POST>
<USERNAME>emmys_a_peach121</USERNAME>
<DATETIME>(9:09:35 pm)</DATETIME>
<BODY>ok let me call u first</BODY>
<COMMENT></COMMENT>
</POST>
<POST>
<USERNAME>emmys_a_peach121</USERNAME>
<DATETIME>(9:09:42 pm)</DATETIME>
<BODY>then i give u my addy ok?</BODY>
<COMMENT></COMMENT>
</POST>
<POST>
<USERNAME>mikespikegetiingcrazytocu</USERNAME>
<DATETIME>(9:09:47 pm)</DATETIME>
<BODY>ok</BODY>
<COMMENT></COMMENT>
</POST>
<POST>
<USERNAME>mikespikegetiingcrazytocu</USERNAME>
<DATETIME>(9:09:51 pm)</DATETIME>
<BODY>my number is</BODY>
<COMMENT></COMMENT>
<CODING>
<VERSION>mikespikegetiingcrazytocu.almcbride.coded.txt</VERSION>
<CATEGORY>900</CATEGORY>
<TONE>1</TONE>
</CODING>
</POST>
<POST>
<USERNAME>mikespikegetiingcrazytocu</USERNAME>
<DATETIME>(9:09:53 pm)</DATETIME>
<BODY>714</BODY>
<COMMENT></COMMENT>
<CODING>
<VERSION>mikespikegetiingcrazytocu.almcbride.coded.txt</VERSION>
<CATEGORY>900</CATEGORY>
<TONE>1</TONE>
</CODING>
</POST>
<POST>
<USERNAME>mikespikegetiingcrazytocu</USERNAME>
<DATETIME>(9:09:54 pm)</DATETIME>
<BODY>322</BODY>
<COMMENT></COMMENT>
<CODING>
<VERSION>mikespikegetiingcrazytocu.almcbride.coded.txt</VERSION>
<CATEGORY>900</CATEGORY>
<TONE>1</TONE>
</CODING>
</POST>
<POST>
<USERNAME>mikespikegetiingcrazytocu</USERNAME>
<DATETIME>(9:09:58 pm)</DATETIME>
<BODY>0382</BODY>
<COMMENT></COMMENT>
<CODING>
<VERSION>mikespikegetiingcrazytocu.almcbride.coded.txt</VERSION>
<CATEGORY>900</CATEGORY>
<TONE>1</TONE>
</CODING>
</POST>
<POST>
<USERNAME>mikespikegetiingcrazytocu</USERNAME>
<DATETIME>(9:10:18 pm)</DATETIME>
<BODY>hey</BODY>
<COMMENT></COMMENT>
</POST>
<POST>
<USERNAME>mikespikegetiingcrazytocu</USERNAME>
<DATETIME>(9:10:24 pm)</DATETIME>
<BODY>i m not native american</BODY>
<COMMENT>(nope he isn't, and he gets deported!)</COMMENT>
<CODING>
<VERSION>mikespikegetiingcrazytocu.almcbride.coded.txt</VERSION>
<CATEGORY>200</CATEGORY>
<TONE>1</TONE>
</CODING>
</POST>
<POST>
<USERNAME>mikespikegetiingcrazytocu</USERNAME>
<DATETIME>(9:10:32 pm)</DATETIME>
<BODY>i have some prob with speking wng</BODY>
<COMMENT>(thats the understatement of the century)</COMMENT>
</POST>
<POST>
<USERNAME>mikespikegetiingcrazytocu</USERNAME>
<DATETIME>(9:10:34 pm)</DATETIME>
<BODY>ok</BODY>
<COMMENT></COMMENT>
</POST>
<POST>
<USERNAME>emmys_a_peach121</USERNAME>
<DATETIME>(9:10:37 pm)</DATETIME>
<BODY>itz ok</BODY>
<COMMENT></COMMENT>
</POST>
<POST>
<USERNAME>emmys_a_peach121</USERNAME>
<DATETIME>(9:10:42 pm)</DATETIME>
<BODY>whats ur name</BODY>
<COMMENT></COMMENT>
</POST>
<POST>
<USERNAME>mikespikegetiingcrazytocu</USERNAME>
<DATETIME>(9:10:50 pm)</DATETIME>
<BODY>amit</BODY>
<COMMENT>(liar!)</COMMENT>
<CODING>
<VERSION>mikespikegetiingcrazytocu.almcbride.coded.txt</VERSION>
<CATEGORY>200</CATEGORY>
<TONE>3</TONE>
</CODING>
</POST>
<POST>
<USERNAME>emmys_a_peach121</USERNAME>
<DATETIME>(9:11:37 pm)</DATETIME>
<BODY>ok</BODY>
<COMMENT></COMMENT>
</POST>
<POST>
<USERNAME>emmys_a_peach121</USERNAME>
<DATETIME>(9:11:42 pm)</DATETIME>
<BODY>hold on</BODY>
<COMMENT></COMMENT>
</POST>
<POST>
<USERNAME>mikespikegetiingcrazytocu</USERNAME>
<DATETIME>(9:11:50 pm)</DATETIME>
<BODY>ok</BODY>
<COMMENT></COMMENT>
</POST>
<POST>
<USERNAME>mikespikegetiingcrazytocu</USERNAME>
<DATETIME>(9:12:50 pm)</DATETIME>
<BODY>r u finding ur phone</BODY>
<COMMENT></COMMENT>
</POST>
<POST>
<USERNAME>mikespikegetiingcrazytocu</USERNAME>
<DATETIME>(9:12:54 pm)</DATETIME>
<BODY>?</BODY>
<COMMENT></COMMENT>
</POST>
<POST>
<USERNAME>mikespikegetiingcrazytocu</USERNAME>
<DATETIME>(9:13:02 pm)</DATETIME>
<BODY>do u have cell number</BODY>
<COMMENT></COMMENT>
</POST>
<POST>
<USERNAME>emmys_a_peach121</USERNAME>
<DATETIME>(9:13:16 pm)</DATETIME>
<BODY>calling</BODY>
<COMMENT></COMMENT>
</POST>
<POST>
<USERNAME>mikespikegetiingcrazytocu</USERNAME>
<DATETIME>(9:13:27 pm)</DATETIME>
<BODY>call me after 2 mins</BODY>
<COMMENT>(pushy much?)</COMMENT>
<CODING>
<VERSION>mikespikegetiingcrazytocu.almcbride.coded.txt</VERSION>
<CATEGORY>900</CATEGORY>
<TONE>4</TONE>
</CODING>
</POST>
<POST>
<USERNAME>mikespikegetiingcrazytocu</USERNAME>
<DATETIME>(9:13:27 pm)</DATETIME>
<BODY>ok</BODY>
<COMMENT></COMMENT>
</POST>
<POST>
<USERNAME>mikespikegetiingcrazytocu</USERNAME>
<DATETIME>(9:13:37 pm)</DATETIME>
<BODY>i m leaving comp and going outside</BODY>
<COMMENT></COMMENT>
</POST>
<POST>
<USERNAME>mikespikegetiingcrazytocu</USERNAME>
<DATETIME>(9:13:43 pm)</DATETIME>
<BODY>my mom came in my room</BODY>
<COMMENT>(yep, thats right folks, he doesnt want his mommy to know he wants to fuck a 12 yr old girl)</COMMENT>
</POST>
<POST>
<USERNAME>mikespikegetiingcrazytocu</USERNAME>
<DATETIME>(9:13:47 pm)</DATETIME>
<BODY>ok</BODY>
<COMMENT></COMMENT>
</POST>
<POST>
<USERNAME>emmys_a_peach121</USERNAME>
<DATETIME>(9:13:58 pm)</DATETIME>
<BODY>ok</BODY>
<COMMENT></COMMENT>
</POST>
<POST>
<USERNAME>emmys_a_peach121</USERNAME>
<DATETIME>(9:14:03 pm)</DATETIME>
<BODY>i will call u in 2 minutes</BODY>
<COMMENT></COMMENT>
</POST>
<POST>
<USERNAME>mikespikegetiingcrazytocu</USERNAME>
<DATETIME>(9:14:08 pm)</DATETIME>
<BODY>ok</BODY>
<COMMENT></COMMENT>
</POST>
<POST>
<USERNAME>mikespikegetiingcrazytocu</USERNAME>
<DATETIME>(9:14:18 pm)</DATETIME>
<BODY>i m sighning out</BODY>
<COMMENT></COMMENT>
</POST>
<POST>
<USERNAME>emmys_a_peach121</USERNAME>
<DATETIME>(9:14:29 pm)</DATETIME>
<BODY>ok come back when ur done talkin 2 me ok?</BODY>
<COMMENT></COMMENT>
</POST>
<POST>
<USERNAME>emmys_a_peach121</USERNAME>
<DATETIME>(9:14:32 pm)</DATETIME>
<BODY>for tha addy</BODY>
<COMMENT></COMMENT>
</POST>
<POST>
<USERNAME>mikespikegetiingcrazytocu</USERNAME>
<DATETIME>(9:14:36 pm)</DATETIME>
<BODY>ok</BODY>
<COMMENT></COMMENT>
</POST>
<POST>
<USERNAME></USERNAME>
<DATETIME></DATETIME>
<BODY>thanks to general tso for verifying for me.</BODY>
<COMMENT></COMMENT>
</POST>
<POST>
<USERNAME>emmys_a_peach121</USERNAME>
<DATETIME>(9:20:04 pm)</DATETIME>
<BODY>u back yet?</BODY>
<COMMENT></COMMENT>
</POST>
<POST>
<USERNAME>mikespikegetiingcrazytocu</USERNAME>
<DATETIME>(9:22:13 pm)</DATETIME>
<BODY>hey</BODY>
<COMMENT></COMMENT>
</POST>
<POST>
<USERNAME>mikespikegetiingcrazytocu</USERNAME>
<DATETIME>(9:22:15 pm)</DATETIME>
<BODY>i m back</BODY>
<COMMENT></COMMENT>
</POST>
<POST>
<USERNAME>mikespikegetiingcrazytocu</USERNAME>
<DATETIME>(9:22:16 pm)</DATETIME>
<BODY>soorry</BODY>
<COMMENT></COMMENT>
</POST>
<POST>
<USERNAME>mikespikegetiingcrazytocu</USERNAME>
<DATETIME>(9:22:19 pm)</DATETIME>
<BODY>my net got dc</BODY>
<COMMENT></COMMENT>
</POST>
<POST>
<USERNAME>mikespikegetiingcrazytocu</USERNAME>
<DATETIME>(9:22:31 pm)</DATETIME>
<BODY>r u there</BODY>
<COMMENT></COMMENT>
</POST>
<POST>
<USERNAME>emmys_a_peach121</USERNAME>
<DATETIME>(9:22:40 pm)</DATETIME>
<BODY>back</BODY>
<COMMENT></COMMENT>
</POST>
<POST>
<USERNAME>mikespikegetiingcrazytocu</USERNAME>
<DATETIME>(9:22:52 pm)</DATETIME>
<BODY>u know wat</BODY>
<COMMENT></COMMENT>
</POST>
<POST>
<USERNAME>mikespikegetiingcrazytocu</USERNAME>
<DATETIME>(9:22:58 pm)</DATETIME>
<BODY>i reaaly like ur voice</BODY>
<COMMENT></COMMENT>
</POST>
<POST>
<USERNAME>mikespikegetiingcrazytocu</USERNAME>
<DATETIME>(9:23:03 pm)</DATETIME>
<BODY>its dam sexxy</BODY>
<COMMENT></COMMENT>
</POST>
<POST>
<USERNAME>emmys_a_peach121</USERNAME>
<DATETIME>(9:23:07 pm)</DATETIME>
<BODY>sorry hold on a sec i will get u my addy</BODY>
<COMMENT></COMMENT>
</POST>
<POST>
<USERNAME>emmys_a_peach121</USERNAME>
<DATETIME>(9:23:15 pm)</DATETIME>
<BODY>awww thanx i liked ur voice 2</BODY>
<COMMENT></COMMENT>
</POST>
<POST>
<USERNAME>mikespikegetiingcrazytocu</USERNAME>
<DATETIME>(9:23:22 pm)</DATETIME>
<BODY>:)</BODY>
<COMMENT></COMMENT>
<CODING>
<VERSION>mikespikegetiingcrazytocu.almcbride.coded.txt</VERSION>
<CATEGORY></CATEGORY>
<TONE>6</TONE>
</CODING>
</POST>
<POST>
<USERNAME>mikespikegetiingcrazytocu</USERNAME>
<DATETIME>(9:23:52 pm)</DATETIME>
<BODY>have u had sex or anything like this befor</BODY>
<COMMENT></COMMENT>
<CODING>
<VERSION>mikespikegetiingcrazytocu.almcbride.coded.txt</VERSION>
<CATEGORY>600</CATEGORY>
<TONE>2</TONE>
</CODING>
</POST>
<POST>
<USERNAME>mikespikegetiingcrazytocu</USERNAME>
<DATETIME>(9:23:53 pm)</DATETIME>
<BODY>e</BODY>
<COMMENT></COMMENT>
</POST>
<POST>
<USERNAME>emmys_a_peach121</USERNAME>
<DATETIME>(9:24:26 pm)</DATETIME>
<BODY>no im a virgin</BODY>
<COMMENT></COMMENT>
</POST>
<POST>
<USERNAME>mikespikegetiingcrazytocu</USERNAME>
<DATETIME>(9:24:30 pm)</DATETIME>
<BODY>lucky me</BODY>
<COMMENT></COMMENT>
</POST>
<POST>
<USERNAME>mikespikegetiingcrazytocu</USERNAME>
<DATETIME>(9:24:35 pm)</DATETIME>
<BODY>:)</BODY>
<COMMENT></COMMENT>
<CODING>
<VERSION>mikespikegetiingcrazytocu.almcbride.coded.txt</VERSION>
<CATEGORY></CATEGORY>
<TONE>6</TONE>
</CODING>
</POST>
<POST>
<USERNAME>mikespikegetiingcrazytocu</USERNAME>
<DATETIME>(9:24:42 pm)</DATETIME>
<BODY>i m virgin too</BODY>
<COMMENT>(somehow i don't exactly believe that)</COMMENT>
<CODING>
<VERSION>mikespikegetiingcrazytocu.almcbride.coded.txt</VERSION>
<CATEGORY>600</CATEGORY>
<TONE>2</TONE>
</CODING>
</POST>
<POST>
<USERNAME>emmys_a_peach121</USERNAME>
<DATETIME>(9:24:45 pm)</DATETIME>
<BODY>lolz</BODY>
<COMMENT></COMMENT>
</POST>
<POST>
<USERNAME>mikespikegetiingcrazytocu</USERNAME>
<DATETIME>(9:24:46 pm)</DATETIME>
<BODY>;)</BODY>
<COMMENT></COMMENT>
<CODING>
<VERSION>mikespikegetiingcrazytocu.almcbride.coded.txt</VERSION>
<CATEGORY></CATEGORY>
<TONE>6</TONE>
</CODING>
</POST>
<POST>
<USERNAME>emmys_a_peach121</USERNAME>
<DATETIME>(9:25:04 pm)</DATETIME>
<BODY>so u would really come 2 c me?</BODY>
<COMMENT></COMMENT>
</POST>
<POST>
<USERNAME>mikespikegetiingcrazytocu</USERNAME>
<DATETIME>(9:25:09 pm)</DATETIME>
<BODY>yes</BODY>
<COMMENT></COMMENT>
</POST>
<POST>
<USERNAME>mikespikegetiingcrazytocu</USERNAME>
<DATETIME>(9:25:12 pm)</DATETIME>
<BODY>y not</BODY>
<COMMENT></COMMENT>
</POST>
<POST>
<USERNAME>mikespikegetiingcrazytocu</USERNAME>
<DATETIME>(9:25:17 pm)</DATETIME>
<BODY>just meet</BODY>
<COMMENT></COMMENT>
<CODING>
<VERSION>mikespikegetiingcrazytocu.almcbride.coded.txt</VERSION>
<CATEGORY>900</CATEGORY>
<TONE>1</TONE>
</CODING>
</POST>
<POST>
<USERNAME>emmys_a_peach121</USERNAME>
<DATETIME>(9:25:23 pm)</DATETIME>
<BODY>what kinda car u drive</BODY>
<COMMENT></COMMENT>
</POST>
<POST>
<USERNAME>mikespikegetiingcrazytocu</USERNAME>
<DATETIME>(9:25:30 pm)</DATETIME>
<BODY>if u dont want to do anything</BODY>
<COMMENT></COMMENT>
</POST>
<POST>
<USERNAME>mikespikegetiingcrazytocu</USERNAME>
<DATETIME>(9:25:33 pm)</DATETIME>
<BODY>its ok</BODY>
<COMMENT></COMMENT>
</POST>
<POST>
<USERNAME>mikespikegetiingcrazytocu</USERNAME>
<DATETIME>(9:25:37 pm)</DATETIME>
<BODY>toyota</BODY>
<COMMENT></COMMENT>
</POST>
<POST>
<USERNAME>emmys_a_peach121</USERNAME>
<DATETIME>(9:25:41 pm)</DATETIME>
<BODY>so i kno what 2 wach 4</BODY>
<COMMENT></COMMENT>
</POST>
<POST>
<USERNAME>mikespikegetiingcrazytocu</USERNAME>
<DATETIME>(9:25:43 pm)</DATETIME>
<BODY>white colour</BODY>
<COMMENT></COMMENT>
</POST>
<POST>
<USERNAME>emmys_a_peach121</USERNAME>
<DATETIME>(9:26:42 pm)</DATETIME>
<BODY>kewl</BODY>
<COMMENT></COMMENT>
</POST>
<POST>
<USERNAME>mikespikegetiingcrazytocu</USERNAME>
<DATETIME>(9:26:54 pm)</DATETIME>
<BODY>hey</BODY>
<COMMENT></COMMENT>
</POST>
<POST>
<USERNAME>mikespikegetiingcrazytocu</USERNAME>
<DATETIME>(9:27:02 pm)</DATETIME>
<BODY>i wont force u for anything</BODY>
<COMMENT></COMMENT>
<CODING>
<VERSION>mikespikegetiingcrazytocu.almcbride.coded.txt</VERSION>
<CATEGORY>600</CATEGORY>
<TONE>1</TONE>
</CODING>
</POST>
<POST>
<USERNAME>emmys_a_peach121</USERNAME>
<DATETIME>(9:27:09 pm)</DATETIME>
<BODY>ok</BODY>
<COMMENT></COMMENT>
</POST>
<POST>
<USERNAME>mikespikegetiingcrazytocu</USERNAME>
<DATETIME>(9:27:17 pm)</DATETIME>
<BODY>i m cool guy</BODY>
<COMMENT></COMMENT>
</POST>
<POST>
<USERNAME>emmys_a_peach121</USERNAME>
<DATETIME>(9:27:18 pm)</DATETIME>
<BODY>u will bring condoms rite?</BODY>
<COMMENT></COMMENT>
</POST>
<POST>
<USERNAME>mikespikegetiingcrazytocu</USERNAME>
<DATETIME>(9:27:23 pm)</DATETIME>
<BODY>ya</BODY>
<COMMENT></COMMENT>
</POST>
<POST>
<USERNAME>mikespikegetiingcrazytocu</USERNAME>
<DATETIME>(9:27:26 pm)</DATETIME>
<BODY>definately</BODY>
<COMMENT></COMMENT>
</POST>
<POST>
<USERNAME>mikespikegetiingcrazytocu</USERNAME>
<DATETIME>(9:27:35 pm)</DATETIME>
<BODY>which one would u like</BODY>
<COMMENT>(uh what?)</COMMENT>
<CODING>
<VERSION>mikespikegetiingcrazytocu.almcbride.coded.txt</VERSION>
<CATEGORY>600</CATEGORY>
<TONE>2</TONE>
</CODING>
</POST>
<POST>
<USERNAME>mikespikegetiingcrazytocu</USERNAME>
<DATETIME>(9:27:43 pm)</DATETIME>
<BODY>chocklate flavour</BODY>
<COMMENT></COMMENT>
<CODING>
<VERSION>mikespikegetiingcrazytocu.almcbride.coded.txt</VERSION>
<CATEGORY>600</CATEGORY>
<TONE>2</TONE>
</CODING>
</POST>
<POST>
<USERNAME>mikespikegetiingcrazytocu</USERNAME>
<DATETIME>(9:27:46 pm)</DATETIME>
<BODY>strawberry</BODY>
<COMMENT></COMMENT>
<CODING>
<VERSION>mikespikegetiingcrazytocu.almcbride.coded.txt</VERSION>
<CATEGORY>600</CATEGORY>
<TONE>2</TONE>
</CODING>
</POST>
<POST>
<USERNAME>mikespikegetiingcrazytocu</USERNAME>
<DATETIME>(9:27:48 pm)</DATETIME>
<BODY>or mint</BODY>
<COMMENT></COMMENT>
<CODING>
<VERSION>mikespikegetiingcrazytocu.almcbride.coded.txt</VERSION>
<CATEGORY>600</CATEGORY>
<TONE>2</TONE>
</CODING>
</POST>
<POST>
<USERNAME>emmys_a_peach121</USERNAME>
<DATETIME>(9:27:51 pm)</DATETIME>
<BODY>what ever u think is best</BODY>
<COMMENT>(what i'm really thinking: wtf there are flavors??!)</COMMENT>
</POST>
<POST>
<USERNAME>mikespikegetiingcrazytocu</USERNAME>
<DATETIME>(9:27:57 pm)</DATETIME>
<BODY>ok</BODY>
<COMMENT></COMMENT>
</POST>
<POST>
<USERNAME>mikespikegetiingcrazytocu</USERNAME>
<DATETIME>(9:27:58 pm)</DATETIME>
<BODY>kewl</BODY>
<COMMENT></COMMENT>
</POST>
<POST>
<USERNAME>emmys_a_peach121</USERNAME>
<DATETIME>(9:28:05 pm)</DATETIME>
<BODY>will u bring nething else?</BODY>
<COMMENT></COMMENT>
</POST>
<POST>
<USERNAME>mikespikegetiingcrazytocu</USERNAME>
<DATETIME>(9:28:15 pm)</DATETIME>
<BODY>money</BODY>
<COMMENT></COMMENT>
</POST>
<POST>
<USERNAME>mikespikegetiingcrazytocu</USERNAME>
<DATETIME>(9:28:21 pm)</DATETIME>
<BODY>if u want to go outside</BODY>
<COMMENT></COMMENT>
</POST>
<POST>
<USERNAME>mikespikegetiingcrazytocu</USERNAME>
<DATETIME>(9:28:28 pm)</DATETIME>
<BODY>in a resturant</BODY>
<COMMENT></COMMENT>
</POST>
<POST>
<USERNAME>mikespikegetiingcrazytocu</USERNAME>
<DATETIME>(9:28:29 pm)</DATETIME>
<BODY>or</BODY>
<COMMENT></COMMENT>
</POST>
<POST>
<USERNAME>mikespikegetiingcrazytocu</USERNAME>
<DATETIME>(9:28:30 pm)</DATETIME>
<BODY>somewhere</BODY>
<COMMENT></COMMENT>
</POST>
<POST>
<USERNAME>emmys_a_peach121</USERNAME>
<DATETIME>(9:28:46 pm)</DATETIME>
<BODY>ok how long will it take u to get to laguna beach</BODY>
<COMMENT></COMMENT>
</POST>
<POST>
<USERNAME>mikespikegetiingcrazytocu</USERNAME>
<DATETIME>(9:28:52 pm)</DATETIME>
<BODY>30mins</BODY>
<COMMENT></COMMENT>
<CODING>
<VERSION>mikespikegetiingcrazytocu.almcbride.coded.txt</VERSION>
<CATEGORY>900</CATEGORY>
<TONE>3</TONE>
</CODING>
</POST>
<POST>
<USERNAME>emmys_a_peach121</USERNAME>
<DATETIME>(9:28:53 pm)</DATETIME>
<BODY>cn u bring me a teddy bear or something?</BODY>
<COMMENT></COMMENT>
</POST>
<POST>
<USERNAME>mikespikegetiingcrazytocu</USERNAME>
<DATETIME>(9:28:58 pm)</DATETIME>
<BODY>ya</BODY>
<COMMENT></COMMENT>
</POST>
<POST>
<USERNAME>mikespikegetiingcrazytocu</USERNAME>
<DATETIME>(9:29:03 pm)</DATETIME>
<BODY>but</BODY>
<COMMENT></COMMENT>
</POST>
<POST>
<USERNAME>mikespikegetiingcrazytocu</USERNAME>
<DATETIME>(9:29:08 pm)</DATETIME>
<BODY>ur dad will come to know</BODY>
<COMMENT></COMMENT>
</POST>
<POST>
<USERNAME>mikespikegetiingcrazytocu</USERNAME>
<DATETIME>(9:29:17 pm)</DATETIME>
<BODY>i will bring</BODY>
<COMMENT></COMMENT>
<CODING>
<VERSION>mikespikegetiingcrazytocu.almcbride.coded.txt</VERSION>
<CATEGORY>900</CATEGORY>
<TONE>1</TONE>
</CODING>
</POST>
<POST>
<USERNAME>emmys_a_peach121</USERNAME>
<DATETIME>(9:29:18 pm)</DATETIME>
<BODY>i can hide a teddy bear</BODY>
<COMMENT></COMMENT>
</POST>
<POST>
<USERNAME>mikespikegetiingcrazytocu</USERNAME>
<DATETIME>(9:29:19 pm)</DATETIME>
<BODY>chacklates</BODY>
<COMMENT></COMMENT>
<CODING>
<VERSION>mikespikegetiingcrazytocu.almcbride.coded.txt</VERSION>
<CATEGORY>900</CATEGORY>
<TONE>1</TONE>
</CODING>
</POST>
<POST>
<USERNAME>emmys_a_peach121</USERNAME>
<DATETIME>(9:29:27 pm)</DATETIME>
<BODY>besides its avter valentines</BODY>
<COMMENT></COMMENT>
</POST>
<POST>
<USERNAME>mikespikegetiingcrazytocu</USERNAME>
<DATETIME>(9:29:29 pm)</DATETIME>
<BODY>candies</BODY>
<COMMENT></COMMENT>
<CODING>
<VERSION>mikespikegetiingcrazytocu.almcbride.coded.txt</VERSION>
<CATEGORY>900</CATEGORY>
<TONE>1</TONE>
</CODING>
</POST>
<POST>
<USERNAME>emmys_a_peach121</USERNAME>
<DATETIME>(9:29:35 pm)</DATETIME>
<BODY>i cn say it was a friendz gift</BODY>
<COMMENT></COMMENT>
</POST>
<POST>
<USERNAME>mikespikegetiingcrazytocu</USERNAME>
<DATETIME>(9:29:38 pm)</DATETIME>
<BODY>ok</BODY>
<COMMENT></COMMENT>
</POST>
<POST>
<USERNAME>emmys_a_peach121</USERNAME>
<DATETIME>(9:29:41 pm)</DATETIME>
<BODY>ok i like chocolate</BODY>
<COMMENT></COMMENT>
</POST>
<POST>
<USERNAME>mikespikegetiingcrazytocu</USERNAME>
<DATETIME>(9:29:42 pm)</DATETIME>
<BODY>as u wish</BODY>
<COMMENT>(he brought chocolate -- a kitkat bar and a milky way bar -- oooh big spender)</COMMENT>
</POST>
<POST>
<USERNAME>emmys_a_peach121</USERNAME>
<DATETIME>(9:29:48 pm)</DATETIME>
<BODY>can u come over in an hour?</BODY>
<COMMENT></COMMENT>
</POST>
<POST>
<USERNAME>mikespikegetiingcrazytocu</USERNAME>
<DATETIME>(9:29:54 pm)</DATETIME>
<BODY>yeah</BODY>
<COMMENT></COMMENT>
</POST>
<POST>
<USERNAME>mikespikegetiingcrazytocu</USERNAME>
<DATETIME>(9:29:59 pm)</DATETIME>
<BODY>is ur dad out</BODY>
<COMMENT></COMMENT>
<CODING>
<VERSION>mikespikegetiingcrazytocu.almcbride.coded.txt</VERSION>
<CATEGORY>900</CATEGORY>
<TONE>2</TONE>
</CODING>
</POST>
<POST>
<USERNAME>emmys_a_peach121</USERNAME>
<DATETIME>(9:30:15 pm)</DATETIME>
<BODY>ya hes out till 230 am</BODY>
<COMMENT></COMMENT>
</POST>
<POST>
<USERNAME>mikespikegetiingcrazytocu</USERNAME>
<DATETIME>(9:30:20 pm)</DATETIME>
<BODY>ok</BODY>
<COMMENT></COMMENT>
</POST>
<POST>
<USERNAME>mikespikegetiingcrazytocu</USERNAME>
<DATETIME>(9:30:33 pm)</DATETIME>
<BODY>i have to check ur address</BODY>
<COMMENT></COMMENT>
<CODING>
<VERSION>mikespikegetiingcrazytocu.almcbride.coded.txt</VERSION>
<CATEGORY>900</CATEGORY>
<TONE>1</TONE>
</CODING>
</POST>
<POST>
<USERNAME>mikespikegetiingcrazytocu</USERNAME>
<DATETIME>(9:30:37 pm)</DATETIME>
<BODY>on map quest</BODY>
<COMMENT></COMMENT>
<CODING>
<VERSION>mikespikegetiingcrazytocu.almcbride.coded.txt</VERSION>
<CATEGORY>900</CATEGORY>
<TONE>1</TONE>
</CODING>
</POST>
<POST>
<USERNAME>mikespikegetiingcrazytocu</USERNAME>
<DATETIME>(9:30:56 pm)</DATETIME>
<BODY>only then i will be sure how long will it take to come there</BODY>
<COMMENT></COMMENT>
<CODING>
<VERSION>mikespikegetiingcrazytocu.almcbride.coded.txt</VERSION>
<CATEGORY>900</CATEGORY>
<TONE>1</TONE>
</CODING>
</POST>
<POST>
<USERNAME>mikespikegetiingcrazytocu</USERNAME>
<DATETIME>(9:31:03 pm)</DATETIME>
<BODY>give me ur addreess</BODY>
<COMMENT></COMMENT>
<CODING>
<VERSION>mikespikegetiingcrazytocu.almcbride.coded.txt</VERSION>
<CATEGORY>900</CATEGORY>
<TONE>4</TONE>
</CODING>
</POST>
<POST>
<USERNAME>emmys_a_peach121</USERNAME>
<DATETIME>(9:31:09 pm)</DATETIME>
<BODY>edit</BODY>
<COMMENT></COMMENT>
</POST>
<POST>
<USERNAME>mikespikegetiingcrazytocu</USERNAME>
<DATETIME>(9:31:13 pm)</DATETIME>
<BODY>u live ina house or appt</BODY>
<COMMENT></COMMENT>
<CODING>
<VERSION>mikespikegetiingcrazytocu.almcbride.coded.txt</VERSION>
<CATEGORY>900</CATEGORY>
<TONE>2</TONE>
</CODING>
</POST>
<POST>
<USERNAME>mikespikegetiingcrazytocu</USERNAME>
<DATETIME>(9:31:16 pm)</DATETIME>
<BODY>?</BODY>
<COMMENT></COMMENT>
</POST>
<POST>
<USERNAME>emmys_a_peach121</USERNAME>
<DATETIME>(9:31:19 pm)</DATETIME>
<BODY>oops i typed it 2 times</BODY>
<COMMENT></COMMENT>
</POST>
<POST>
<USERNAME>emmys_a_peach121</USERNAME>
<DATETIME>(9:31:21 pm)</DATETIME>
<BODY>its an apt</BODY>
<COMMENT></COMMENT>
</POST>
<POST>
<USERNAME>emmys_a_peach121</USERNAME>
<DATETIME>(9:31:34 pm)</DATETIME>
<BODY>numba edit</BODY>
<COMMENT></COMMENT>
</POST>
<POST>
<USERNAME>mikespikegetiingcrazytocu</USERNAME>
<DATETIME>(9:31:38 pm)</DATETIME>
<BODY>ur dad is a doctor</BODY>
<COMMENT></COMMENT>
</POST>
<POST>
<USERNAME>mikespikegetiingcrazytocu</USERNAME>
<DATETIME>(9:31:44 pm)</DATETIME>
<BODY>n u live in a app</BODY>
<COMMENT></COMMENT>
</POST>
<POST>
<USERNAME>emmys_a_peach121</USERNAME>
<DATETIME>(9:31:45 pm)</DATETIME>
<BODY>its tha edit apts</BODY>
<COMMENT></COMMENT>
</POST>
<POST>
<USERNAME>emmys_a_peach121</USERNAME>
<DATETIME>(9:31:50 pm)</DATETIME>
<BODY>its real nice</BODY>
<COMMENT></COMMENT>
</POST>
<POST>
<USERNAME>mikespikegetiingcrazytocu</USERNAME>
<DATETIME>(9:31:53 pm)</DATETIME>
<BODY>ok</BODY>
<COMMENT></COMMENT>
</POST>
<POST>
<USERNAME>emmys_a_peach121</USERNAME>
<DATETIME>(9:31:57 pm)</DATETIME>
<BODY>real expensive from what my dad says</BODY>
<COMMENT></COMMENT>
</POST>
<POST>
<USERNAME>mikespikegetiingcrazytocu</USERNAME>
<DATETIME>(9:32:05 pm)</DATETIME>
<BODY>is there any code to enter inside the app buliding</BODY>
<COMMENT></COMMENT>
<CODING>
<VERSION>mikespikegetiingcrazytocu.almcbride.coded.txt</VERSION>
<CATEGORY>900</CATEGORY>
<TONE>2</TONE>
</CODING>
</POST>
<POST>
<USERNAME>emmys_a_peach121</USERNAME>
<DATETIME>(9:32:10 pm)</DATETIME>
<BODY>nope</BODY>
<COMMENT></COMMENT>
</POST>
<POST>
<USERNAME>emmys_a_peach121</USERNAME>
<DATETIME>(9:32:14 pm)</DATETIME>
<BODY>tha gate will be open</BODY>
<COMMENT></COMMENT>
</POST>
<POST>
<USERNAME>mikespikegetiingcrazytocu</USERNAME>
<DATETIME>(9:32:17 pm)</DATETIME>
<BODY>ok</BODY>
<COMMENT></COMMENT>
</POST>
<POST>
<USERNAME>mikespikegetiingcrazytocu</USERNAME>
<DATETIME>(9:32:43 pm)</DATETIME>
<BODY>let me find ur house</BODY>
<COMMENT></COMMENT>
<CODING>
<VERSION>mikespikegetiingcrazytocu.almcbride.coded.txt</VERSION>
<CATEGORY>900</CATEGORY>
<TONE>1</TONE>
</CODING>
</POST>
<POST>
<USERNAME>emmys_a_peach121</USERNAME>
<DATETIME>(9:32:48 pm)</DATETIME>
<BODY>ok</BODY>
<COMMENT></COMMENT>
</POST>
<POST>
<USERNAME>mikespikegetiingcrazytocu</USERNAME>
<DATETIME>(9:32:49 pm)</DATETIME>
<BODY>hold on 4 few mins</BODY>
<COMMENT></COMMENT>
</POST>
<POST>
<USERNAME>mikespikegetiingcrazytocu</USERNAME>
<DATETIME>(9:35:46 pm)</DATETIME>
<BODY>according to map quest</BODY>
<COMMENT></COMMENT>
<CODING>
<VERSION>mikespikegetiingcrazytocu.almcbride.coded.txt</VERSION>
<CATEGORY>900</CATEGORY>
<TONE>1</TONE>
</CODING>
</POST>
<POST>
<USERNAME>mikespikegetiingcrazytocu</USERNAME>
<DATETIME>(9:35:51 pm)</DATETIME>
<BODY>it will take 50 mins</BODY>
<COMMENT></COMMENT>
<CODING>
<VERSION>mikespikegetiingcrazytocu.almcbride.coded.txt</VERSION>
<CATEGORY>900</CATEGORY>
<TONE>1</TONE>
</CODING>
</POST>
<POST>
<USERNAME>emmys_a_peach121</USERNAME>
<DATETIME>(9:36:00 pm)</DATETIME>
<BODY>ok so u should leave real soon then rite?</BODY>
<COMMENT></COMMENT>
</POST>
<POST>
<USERNAME>mikespikegetiingcrazytocu</USERNAME>
<DATETIME>(9:36:36 pm)</DATETIME>
<BODY>i will in half an hour</BODY>
<COMMENT></COMMENT>
<CODING>
<VERSION>mikespikegetiingcrazytocu.almcbride.coded.txt</VERSION>
<CATEGORY>900</CATEGORY>
<TONE>3</TONE>
</CODING>
</POST>
<POST>
<USERNAME>mikespikegetiingcrazytocu</USERNAME>
<DATETIME>(9:36:47 pm)</DATETIME>
<BODY>and reach u before 8</BODY>
<COMMENT></COMMENT>
<CODING>
<VERSION>mikespikegetiingcrazytocu.almcbride.coded.txt</VERSION>
<CATEGORY>900</CATEGORY>
<TONE>1</TONE>
</CODING>
</POST>
<POST>
<USERNAME>mikespikegetiingcrazytocu</USERNAME>
<DATETIME>(9:36:54 pm)</DATETIME>
<BODY>is that ok</BODY>
<COMMENT></COMMENT>
<CODING>
<VERSION>mikespikegetiingcrazytocu.almcbride.coded.txt</VERSION>
<CATEGORY>900</CATEGORY>
<TONE>2</TONE>
</CODING>
</POST>
<POST>
<USERNAME>emmys_a_peach121</USERNAME>
<DATETIME>(9:37:15 pm)</DATETIME>
<BODY>yup</BODY>
<COMMENT></COMMENT>
</POST>
<POST>
<USERNAME>emmys_a_peach121</USERNAME>
<DATETIME>(9:37:28 pm)</DATETIME>
<BODY>dont 4get the stuff ur supposed 2 bring</BODY>
<COMMENT></COMMENT>
</POST>
<POST>
<USERNAME>mikespikegetiingcrazytocu</USERNAME>
<DATETIME>(9:37:36 pm)</DATETIME>
<BODY>ok</BODY>
<COMMENT></COMMENT>
</POST>
<POST>
<USERNAME>mikespikegetiingcrazytocu</USERNAME>
<DATETIME>(9:37:43 pm)</DATETIME>
<BODY>chocklates</BODY>
<COMMENT></COMMENT>
<CODING>
<VERSION>mikespikegetiingcrazytocu.almcbride.coded.txt</VERSION>
<CATEGORY>900</CATEGORY>
<TONE>1</TONE>
</CODING>
</POST>
<POST>
<USERNAME>mikespikegetiingcrazytocu</USERNAME>
<DATETIME>(9:37:44 pm)</DATETIME>
<BODY>right</BODY>
<COMMENT></COMMENT>
<CODING>
<VERSION>mikespikegetiingcrazytocu.almcbride.coded.txt</VERSION>
<CATEGORY>900</CATEGORY>
<TONE>2</TONE>
</CODING>
</POST>
<POST>
<USERNAME>emmys_a_peach121</USERNAME>
<DATETIME>(9:37:48 pm)</DATETIME>
<BODY>yep n condomz</BODY>
<COMMENT></COMMENT>
</POST>
<POST>
<USERNAME>mikespikegetiingcrazytocu</USERNAME>
<DATETIME>(9:37:54 pm)</DATETIME>
<BODY>:)</BODY>
<COMMENT></COMMENT>
<CODING>
<VERSION>mikespikegetiingcrazytocu.almcbride.coded.txt</VERSION>
<CATEGORY></CATEGORY>
<TONE>6</TONE>
</CODING>
</POST>
<POST>
<USERNAME>mikespikegetiingcrazytocu</USERNAME>
<DATETIME>(9:37:57 pm)</DATETIME>
<BODY>sure</BODY>
<COMMENT></COMMENT>
</POST>
<POST>
<USERNAME>mikespikegetiingcrazytocu</USERNAME>
<DATETIME>(9:38:13 pm)</DATETIME>
<BODY>lets talk 4 five more mins</BODY>
<COMMENT></COMMENT>
</POST>
<POST>
<USERNAME>mikespikegetiingcrazytocu</USERNAME>
<DATETIME>(9:38:21 pm)</DATETIME>
<BODY>how would i recoginise u</BODY>
<COMMENT></COMMENT>
<CODING>
<VERSION>mikespikegetiingcrazytocu.almcbride.coded.txt</VERSION>
<CATEGORY>900</CATEGORY>
<TONE>2</TONE>
</CODING>
</POST>
<POST>
<USERNAME>emmys_a_peach121</USERNAME>
<DATETIME>(9:38:24 pm)</DATETIME>
<BODY>ok brb for a few ok?</BODY>
<COMMENT></COMMENT>
</POST>
<POST>
<USERNAME>emmys_a_peach121</USERNAME>
<DATETIME>(9:38:35 pm)</DATETIME>
<BODY>i will show u a pic n i;ll call out to u when u get there</BODY>
<COMMENT></COMMENT>
</POST>
<POST>
<USERNAME>mikespikegetiingcrazytocu</USERNAME>
<DATETIME>(9:38:39 pm)</DATETIME>
<BODY>ok</BODY>
<COMMENT></COMMENT>
</POST>
<POST>
<USERNAME>mikespikegetiingcrazytocu</USERNAME>
<DATETIME>(9:38:43 pm)</DATETIME>
<BODY>show me ur pic</BODY>
<COMMENT></COMMENT>
<CODING>
<VERSION>mikespikegetiingcrazytocu.almcbride.coded.txt</VERSION>
<CATEGORY>200</CATEGORY>
<TONE>4</TONE>
</CODING>
</POST>
<POST>
<USERNAME>emmys_a_peach121</USERNAME>
<DATETIME>(9:39:07 pm)</DATETIME>
<BODY>gimme a sec 2 get it</BODY>
<COMMENT></COMMENT>
</POST>
<POST>
<USERNAME>mikespikegetiingcrazytocu</USERNAME>
<DATETIME>(9:39:11 pm)</DATETIME>
<BODY>ok</BODY>
<COMMENT></COMMENT>
</POST>
<POST>
<USERNAME>emmys_a_peach121</USERNAME>
<DATETIME>(9:39:59 pm)</DATETIME>
<BODY>edit</BODY>
<COMMENT></COMMENT>
</POST>
<POST>
<USERNAME>emmys_a_peach121</USERNAME>
<DATETIME>(9:40:19 pm)</DATETIME>
<BODY>do u hav a pic?</BODY>
<COMMENT></COMMENT>
</POST>
<POST>
<USERNAME>mikespikegetiingcrazytocu</USERNAME>
<DATETIME>(9:40:38 pm)</DATETIME>
<BODY>u r cute</BODY>
<COMMENT></COMMENT>
</POST>
<POST>
<USERNAME>mikespikegetiingcrazytocu</USERNAME>
<DATETIME>(9:40:41 pm)</DATETIME>
<BODY>ya</BODY>
<COMMENT></COMMENT>
</POST>
<POST>
<USERNAME>mikespikegetiingcrazytocu</USERNAME>
<DATETIME>(9:40:42 pm)</DATETIME>
<BODY>wait</BODY>
<COMMENT></COMMENT>
</POST>
<POST>
<USERNAME>mikespikegetiingcrazytocu</USERNAME>
<DATETIME>(9:40:56 pm)</DATETIME>
<BODY>can u see it on the right boottom</BODY>
<COMMENT></COMMENT>
<CODING>
<VERSION>mikespikegetiingcrazytocu.almcbride.coded.txt</VERSION>
<CATEGORY>200</CATEGORY>
<TONE>2</TONE>
</CODING>
</POST>
<POST>
<USERNAME>emmys_a_peach121</USERNAME>
<DATETIME>(9:41:09 pm)</DATETIME>
<BODY>no</BODY>
<COMMENT></COMMENT>
</POST>
<POST>
<USERNAME>mikespikegetiingcrazytocu</USERNAME>
<DATETIME>(9:41:16 pm)</DATETIME>
<BODY>ok wait thn</BODY>
<COMMENT></COMMENT>
<CODING>
<VERSION>mikespikegetiingcrazytocu.almcbride.coded.txt</VERSION>
<CATEGORY>200</CATEGORY>
<TONE>34</TONE>
</CODING>
</POST>
<POST>
<USERNAME>mikespikegetiingcrazytocu</USERNAME>
<DATETIME>(9:42:11 pm)</DATETIME>
<BODY>my cam is not clear</BODY>
<COMMENT></COMMENT>
</POST>
<POST>
<USERNAME>mikespikegetiingcrazytocu</USERNAME>
<DATETIME>(9:42:36 pm)</DATETIME>
<BODY>i will be weaing same cap</BODY>
<COMMENT></COMMENT>
</POST>
<POST>
<USERNAME>emmys_a_peach121</USERNAME>
<DATETIME>(9:42:42 pm)</DATETIME>
<BODY>it said it wuz not avail</BODY>
<COMMENT></COMMENT>
</POST>
<POST>
<USERNAME>emmys_a_peach121</USERNAME>
<DATETIME>(9:42:47 pm)</DATETIME>
<BODY>try again</BODY>
<COMMENT></COMMENT>
</POST>
<POST>
<USERNAME>mikespikegetiingcrazytocu</USERNAME>
<DATETIME>(9:43:11 pm)</DATETIME>
<BODY>believe me</BODY>
<COMMENT></COMMENT>
</POST>
<POST>
<USERNAME>emmys_a_peach121</USERNAME>
<DATETIME>(9:43:15 pm)</DATETIME>
<BODY>ya wow ur cute</BODY>
<COMMENT></COMMENT>
</POST>
<POST>
<USERNAME>mikespikegetiingcrazytocu</USERNAME>
<DATETIME>(9:43:20 pm)</DATETIME>
<BODY>i look much smarter than i mlooking now</BODY>
<COMMENT></COMMENT>
</POST>
<POST>
<USERNAME>mikespikegetiingcrazytocu</USERNAME>
<DATETIME>(9:43:34 pm)</DATETIME>
<BODY>its beacuse of this cam</BODY>
<COMMENT></COMMENT>
</POST>
<POST>
<USERNAME>emmys_a_peach121</USERNAME>
<DATETIME>(9:44:00 pm)</DATETIME>
<BODY>look in tha cam n smile lolz</BODY>
<COMMENT></COMMENT>
</POST>
<POST>
<USERNAME>emmys_a_peach121</USERNAME>
<DATETIME>(9:44:36 pm)</DATETIME>
<BODY>i cant c u no more</BODY>
<COMMENT></COMMENT>
</POST>
<POST>
<USERNAME>mikespikegetiingcrazytocu</USERNAME>
<DATETIME>(9:46:21 pm)</DATETIME>
<BODY>sorry</BODY>
<COMMENT></COMMENT>
</POST>
<POST>
<USERNAME>mikespikegetiingcrazytocu</USERNAME>
<DATETIME>(9:46:23 pm)</DATETIME>
<BODY>got dc again</BODY>
<COMMENT></COMMENT>
</POST>
<POST>
<USERNAME>mikespikegetiingcrazytocu</USERNAME>
<DATETIME>(9:46:57 pm)</DATETIME>
<BODY>u there</BODY>
<COMMENT></COMMENT>
</POST>
<POST>
<USERNAME>emmys_a_peach121</USERNAME>
<DATETIME>(9:47:14 pm)</DATETIME>
<BODY>try it again</BODY>
<COMMENT></COMMENT>
</POST>
<POST>
<USERNAME>mikespikegetiingcrazytocu</USERNAME>
<DATETIME>(9:47:41 pm)</DATETIME>
<BODY>:-*</BODY>
<COMMENT></COMMENT>
<CODING>
<VERSION>mikespikegetiingcrazytocu.almcbride.coded.txt</VERSION>
<CATEGORY></CATEGORY>
<TONE>6</TONE>
</CODING>
</POST>
<POST>
<USERNAME>mikespikegetiingcrazytocu</USERNAME>
<DATETIME>(9:47:45 pm)</DATETIME>
<BODY>@};-</BODY>
<COMMENT></COMMENT>
<CODING>
<VERSION>mikespikegetiingcrazytocu.almcbride.coded.txt</VERSION>
<CATEGORY></CATEGORY>
<TONE>6</TONE>
</CODING>
</POST>
<POST>
<USERNAME>mikespikegetiingcrazytocu</USERNAME>
<DATETIME>(9:47:47 pm)</DATETIME>
<BODY>4 u</BODY>
<COMMENT></COMMENT>
</POST>
<POST>
<USERNAME>mikespikegetiingcrazytocu</USERNAME>
<DATETIME>(9:47:51 pm)</DATETIME>
<BODY>my valentine</BODY>
<COMMENT></COMMENT>
</POST>
<POST>
<USERNAME>mikespikegetiingcrazytocu</USERNAME>
<DATETIME>(9:48:23 pm)</DATETIME>
<BODY>r u there</BODY>
<COMMENT></COMMENT>
</POST>
<POST>
<USERNAME>mikespikegetiingcrazytocu</USERNAME>
<DATETIME>(9:48:26 pm)</DATETIME>
<BODY>or left</BODY>
<COMMENT></COMMENT>
</POST>
<POST>
<USERNAME>mikespikegetiingcrazytocu</USERNAME>
<DATETIME>(9:49:01 pm)</DATETIME>
<BODY></BODY>
<COMMENT></COMMENT>
</POST>
<POST>
<USERNAME>mikespikegetiingcrazytocu</USERNAME>
<DATETIME>(9:50:03 pm)</DATETIME>
<BODY>u there</BODY>
<COMMENT></COMMENT>
</POST>
<POST>
<USERNAME>mikespikegetiingcrazytocu</USERNAME>
<DATETIME>(9:50:58 pm)</DATETIME>
<BODY>hey</BODY>
<COMMENT></COMMENT>
</POST>
<POST>
<USERNAME>mikespikegetiingcrazytocu</USERNAME>
<DATETIME>(9:51:00 pm)</DATETIME>
<BODY>u there</BODY>
<COMMENT></COMMENT>
</POST>
<POST>
<USERNAME>mikespikegetiingcrazytocu</USERNAME>
<DATETIME>(9:55:23 pm)</DATETIME>
<BODY>hey</BODY>
<COMMENT></COMMENT>
</POST>
<POST>
<USERNAME>mikespikegetiingcrazytocu</USERNAME>
<DATETIME>(9:55:27 pm)</DATETIME>
<BODY>comeon</BODY>
<COMMENT></COMMENT>
</POST>
<POST>
<USERNAME>mikespikegetiingcrazytocu</USERNAME>
<DATETIME>(9:55:34 pm)</DATETIME>
<BODY>i wana verify the addreess</BODY>
<COMMENT></COMMENT>
<CODING>
<VERSION>mikespikegetiingcrazytocu.almcbride.coded.txt</VERSION>
<CATEGORY>900</CATEGORY>
<TONE>1</TONE>
</CODING>
</POST>
<POST>
<USERNAME>mikespikegetiingcrazytocu</USERNAME>
<DATETIME>(9:55:42 pm)</DATETIME>
<BODY>and give me ur number</BODY>
<COMMENT></COMMENT>
<CODING>
<VERSION>mikespikegetiingcrazytocu.almcbride.coded.txt</VERSION>
<CATEGORY>900</CATEGORY>
<TONE>4</TONE>
</CODING>
</POST>
<POST>
<USERNAME>mikespikegetiingcrazytocu</USERNAME>
<DATETIME>(9:55:47 pm)</DATETIME>
<BODY>in case</BODY>
<COMMENT></COMMENT>
<CODING>
<VERSION>mikespikegetiingcrazytocu.almcbride.coded.txt</VERSION>
<CATEGORY>900</CATEGORY>
<TONE>1</TONE>
</CODING>
</POST>
<POST>
<USERNAME>mikespikegetiingcrazytocu</USERNAME>
<DATETIME>(9:55:53 pm)</DATETIME>
<BODY>if reqired'</BODY>
<COMMENT></COMMENT>
<CODING>
<VERSION>mikespikegetiingcrazytocu.almcbride.coded.txt</VERSION>
<CATEGORY>900</CATEGORY>
<TONE>1</TONE>
</CODING>
</POST>
<POST>
<USERNAME>mikespikegetiingcrazytocu</USERNAME>
<DATETIME>(9:55:56 pm)</DATETIME>
<BODY>r u there</BODY>
<COMMENT></COMMENT>
</POST>
<POST>
<USERNAME>mikespikegetiingcrazytocu</USERNAME>
<DATETIME>(9:55:59 pm)</DATETIME>
<BODY>?</BODY>
<COMMENT></COMMENT>
</POST>
<POST>
<USERNAME>mikespikegetiingcrazytocu</USERNAME>
<DATETIME>(9:56:02 pm)</DATETIME>
<BODY></BODY>
<COMMENT></COMMENT>
</POST>
<POST>
<USERNAME>emmys_a_peach121</USERNAME>
<DATETIME>(9:56:05 pm)</DATETIME>
<BODY>sorry</BODY>
<COMMENT></COMMENT>
</POST>
<POST>
<USERNAME>mikespikegetiingcrazytocu</USERNAME>
<DATETIME>(9:56:08 pm)</DATETIME>
<BODY>oh</BODY>
<COMMENT></COMMENT>
</POST>
<POST>
<USERNAME>emmys_a_peach121</USERNAME>
<DATETIME>(9:56:09 pm)</DATETIME>
<BODY>yahoo dc me</BODY>
<COMMENT></COMMENT>
</POST>
<POST>
<USERNAME>mikespikegetiingcrazytocu</USERNAME>
<DATETIME>(9:56:10 pm)</DATETIME>
<BODY>my god</BODY>
<COMMENT></COMMENT>
</POST>
<POST>
<USERNAME>emmys_a_peach121</USERNAME>
<DATETIME>(9:56:13 pm)</DATETIME>
<BODY>:(</BODY>
<COMMENT></COMMENT>
</POST>
<POST>
<USERNAME>mikespikegetiingcrazytocu</USERNAME>
<DATETIME>(9:56:14 pm)</DATETIME>
<BODY>i thought u left</BODY>
<COMMENT></COMMENT>
</POST>
<POST>
<USERNAME>emmys_a_peach121</USERNAME>
<DATETIME>(9:56:18 pm)</DATETIME>
<BODY>no i dint</BODY>
<COMMENT></COMMENT>
</POST>
<POST>
<USERNAME>mikespikegetiingcrazytocu</USERNAME>
<DATETIME>(9:56:19 pm)</DATETIME>
<BODY>and was just playing</BODY>
<COMMENT></COMMENT>
</POST>
<POST>
<USERNAME>emmys_a_peach121</USERNAME>
<DATETIME>(9:56:24 pm)</DATETIME>
<BODY>im not playin</BODY>
<COMMENT></COMMENT>
</POST>
<POST>
<USERNAME>emmys_a_peach121</USERNAME>
<DATETIME>(9:56:28 pm)</DATETIME>
<BODY>thats why i called u</BODY>
<COMMENT></COMMENT>
</POST>
<POST>
<USERNAME>mikespikegetiingcrazytocu</USERNAME>
<DATETIME>(9:56:31 pm)</DATETIME>
<BODY>we will play</BODY>
<COMMENT></COMMENT>
<CODING>
<VERSION>mikespikegetiingcrazytocu.almcbride.coded.txt</VERSION>
<CATEGORY>600</CATEGORY>
<TONE>1</TONE>
</CODING>
</POST>
<POST>
<USERNAME>mikespikegetiingcrazytocu</USERNAME>
<DATETIME>(9:56:35 pm)</DATETIME>
<BODY>;)</BODY>
<COMMENT></COMMENT>
<CODING>
<VERSION>mikespikegetiingcrazytocu.almcbride.coded.txt</VERSION>
<CATEGORY></CATEGORY>
<TONE>6</TONE>
</CODING>
</POST>
<POST>
<USERNAME>emmys_a_peach121</USERNAME>
<DATETIME>(9:56:54 pm)</DATETIME>
<BODY>i cant give u my numba cuz dad forwards all calls 2 his cell when he's out</BODY>
<COMMENT></COMMENT>
</POST>
<POST>
<USERNAME>mikespikegetiingcrazytocu</USERNAME>
<DATETIME>(9:57:07 pm)</DATETIME>
<BODY>ok</BODY>
<COMMENT></COMMENT>
</POST>
<POST>
<USERNAME>mikespikegetiingcrazytocu</USERNAME>
<DATETIME>(9:57:20 pm)</DATETIME>
<BODY>wats ur cross strret</BODY>
<COMMENT></COMMENT>
<CODING>
<VERSION>mikespikegetiingcrazytocu.almcbride.coded.txt</VERSION>
<CATEGORY>900</CATEGORY>
<TONE>2</TONE>
</CODING>
</POST>
<POST>
<USERNAME>emmys_a_peach121</USERNAME>
<DATETIME>(9:57:45 pm)</DATETIME>
<BODY>i liv in tha apt complex silly</BODY>
<COMMENT></COMMENT>
</POST>
<POST>
<USERNAME>mikespikegetiingcrazytocu</USERNAME>
<DATETIME>(9:57:50 pm)</DATETIME>
<BODY>ya</BODY>
<COMMENT></COMMENT>
</POST>
<POST>
<USERNAME>emmys_a_peach121</USERNAME>
<DATETIME>(9:57:54 pm)</DATETIME>
<BODY>we jus moved in there</BODY>
<COMMENT></COMMENT>
</POST>
<POST>
<USERNAME>mikespikegetiingcrazytocu</USERNAME>
<DATETIME>(9:57:57 pm)</DATETIME>
<BODY>but the nearest cross street</BODY>
<COMMENT></COMMENT>
<CODING>
<VERSION>mikespikegetiingcrazytocu.almcbride.coded.txt</VERSION>
<CATEGORY>900</CATEGORY>
<TONE>1</TONE>
</CODING>
</POST>
<POST>
<USERNAME>mikespikegetiingcrazytocu</USERNAME>
<DATETIME>(9:58:57 pm)</DATETIME>
<BODY>u there?</BODY>
<COMMENT></COMMENT>
</POST>
<POST>
<USERNAME>emmys_a_peach121</USERNAME>
<DATETIME>(9:59:14 pm)</DATETIME>
<BODY>the edit drive iz the nearest cross st</BODY>
<COMMENT></COMMENT>
</POST>
<POST>
<USERNAME>mikespikegetiingcrazytocu</USERNAME>
<DATETIME>(9:59:44 pm)</DATETIME>
<BODY>cuz the map quest doent show ur app complex</BODY>
<COMMENT></COMMENT>
<CODING>
<VERSION>mikespikegetiingcrazytocu.almcbride.coded.txt</VERSION>
<CATEGORY>900</CATEGORY>
<TONE>1</TONE>
</CODING>
</POST>
<POST>
<USERNAME>mikespikegetiingcrazytocu</USERNAME>
<DATETIME>(9:59:52 pm)</DATETIME>
<BODY>let me check 4 edit drive</BODY>
<COMMENT></COMMENT>
</POST>
<POST>
<USERNAME>emmys_a_peach121</USERNAME>
<DATETIME>(9:59:56 pm)</DATETIME>
<BODY>but it tells u where 2 go</BODY>
<COMMENT></COMMENT>
</POST>
<POST>
<USERNAME>emmys_a_peach121</USERNAME>
<DATETIME>(9:59:59 pm)</DATETIME>
<BODY>rite?</BODY>
<COMMENT></COMMENT>
</POST>
<POST>
<USERNAME>mikespikegetiingcrazytocu</USERNAME>
<DATETIME>(10:00:02 pm)</DATETIME>
<BODY>ya</BODY>
<COMMENT></COMMENT>
</POST>
<POST>
<USERNAME>emmys_a_peach121</USERNAME>
<DATETIME>(10:00:04 pm)</DATETIME>
<BODY>u should find it fine</BODY>
<COMMENT></COMMENT>
</POST>
<POST>
<USERNAME>mikespikegetiingcrazytocu</USERNAME>
<DATETIME>(10:00:22 pm)</DATETIME>
<BODY>i can find without any prob</BODY>
<COMMENT></COMMENT>
<CODING>
<VERSION>mikespikegetiingcrazytocu.almcbride.coded.txt</VERSION>
<CATEGORY>900</CATEGORY>
<TONE>1</TONE>
</CODING>
</POST>
<POST>
<USERNAME>emmys_a_peach121</USERNAME>
<DATETIME>(10:00:35 pm)</DATETIME>
<BODY>im on the second floor</BODY>
<COMMENT></COMMENT>
</POST>
<POST>
<USERNAME>mikespikegetiingcrazytocu</USERNAME>
<DATETIME>(10:01:05 pm)</DATETIME>
<BODY>ok</BODY>
<COMMENT></COMMENT>
</POST>
<POST>
<USERNAME>mikespikegetiingcrazytocu</USERNAME>
<DATETIME>(10:01:13 pm)</DATETIME>
<BODY>let me take a shower</BODY>
<COMMENT></COMMENT>
</POST>
<POST>
<USERNAME>emmys_a_peach121</USERNAME>
<DATETIME>(10:01:18 pm)</DATETIME>
<BODY>ok</BODY>
<COMMENT></COMMENT>
</POST>
<POST>
<USERNAME>mikespikegetiingcrazytocu</USERNAME>
<DATETIME>(10:01:22 pm)</DATETIME>
<BODY>and i will leave in 15 mins</BODY>
<COMMENT></COMMENT>
<CODING>
<VERSION>mikespikegetiingcrazytocu.almcbride.coded.txt</VERSION>
<CATEGORY>900</CATEGORY>
<TONE>1</TONE>
</CODING>
</POST>
<POST>
<USERNAME>emmys_a_peach121</USERNAME>
<DATETIME>(10:01:23 pm)</DATETIME>
<BODY>then u will come rite over</BODY>
<COMMENT></COMMENT>
</POST>
<POST>
<USERNAME>mikespikegetiingcrazytocu</USERNAME>
<DATETIME>(10:01:36 pm)</DATETIME>
<BODY>give me call after every 40 mins</BODY>
<COMMENT></COMMENT>
<CODING>
<VERSION>mikespikegetiingcrazytocu.almcbride.coded.txt</VERSION>
<CATEGORY>900</CATEGORY>
<TONE>1</TONE>
</CODING>
</POST>
<POST>
<USERNAME>mikespikegetiingcrazytocu</USERNAME>
<DATETIME>(10:01:37 pm)</DATETIME>
<BODY>ok</BODY>
<COMMENT></COMMENT>
</POST>
<POST>
<USERNAME>emmys_a_peach121</USERNAME>
<DATETIME>(10:02:02 pm)</DATETIME>
<BODY>ok i will give u a call 40 mins from now n then just before 8 ok?</BODY>
<COMMENT></COMMENT>
</POST>
<POST>
<USERNAME>mikespikegetiingcrazytocu</USERNAME>
<DATETIME>(10:02:09 pm)</DATETIME>
<BODY>ok</BODY>
<COMMENT></COMMENT>
</POST>
<POST>
<USERNAME>mikespikegetiingcrazytocu</USERNAME>
<DATETIME>(10:02:14 pm)</DATETIME>
<BODY>i m leaving now</BODY>
<COMMENT></COMMENT>
<CODING>
<VERSION>mikespikegetiingcrazytocu.almcbride.coded.txt</VERSION>
<CATEGORY>900</CATEGORY>
<TONE>1</TONE>
</CODING>
</POST>
<POST>
<USERNAME>mikespikegetiingcrazytocu</USERNAME>
<DATETIME>(10:02:16 pm)</DATETIME>
<BODY>see u soon</BODY>
<COMMENT></COMMENT>
<CODING>
<VERSION>mikespikegetiingcrazytocu.almcbride.coded.txt</VERSION>
<CATEGORY>900</CATEGORY>
<TONE>1</TONE>
</CODING>
</POST>
<POST>
<USERNAME>emmys_a_peach121</USERNAME>
<DATETIME>(10:02:16 pm)</DATETIME>
<BODY>ok</BODY>
<COMMENT></COMMENT>
</POST>
<POST>
<USERNAME>mikespikegetiingcrazytocu</USERNAME>
<DATETIME>(10:02:19 pm)</DATETIME>
<BODY>bye</BODY>
<COMMENT></COMMENT>
</POST>
<POST>
<USERNAME>mikespikegetiingcrazytocu</USERNAME>
<DATETIME>(10:02:21 pm)</DATETIME>
<BODY>love u</BODY>
<COMMENT></COMMENT>
</POST>
<POST>
<USERNAME>mikespikegetiingcrazytocu</USERNAME>
<DATETIME>(10:02:24 pm)</DATETIME>
<BODY>>:d<</BODY>
<COMMENT></COMMENT>
<CODING>
<VERSION>mikespikegetiingcrazytocu.almcbride.coded.txt</VERSION>
<CATEGORY></CATEGORY>
<TONE>6</TONE>
</CODING>
</POST>
<POST>
<USERNAME>emmys_a_peach121</USERNAME>
<DATETIME>(10:02:35 pm)</DATETIME>
<BODY>love u too</BODY>
<COMMENT></COMMENT>
</POST>
<POST>
<USERNAME>mikespikegetiingcrazytocu</USERNAME>
<DATETIME>(10:02:36 pm)</DATETIME>
<BODY>kissu</BODY>
<COMMENT></COMMENT>
<CODING>
<VERSION>mikespikegetiingcrazytocu.almcbride.coded.txt</VERSION>
<CATEGORY>600</CATEGORY>
<TONE>1</TONE>
</CODING>
</POST>
<POST>
<USERNAME>mikespikegetiingcrazytocu</USERNAME>
<DATETIME>(10:02:38 pm)</DATETIME>
<BODY>fuck u</BODY>
<COMMENT></COMMENT>
<CODING>
<VERSION>mikespikegetiingcrazytocu.almcbride.coded.txt</VERSION>
<CATEGORY>600</CATEGORY>
<TONE>1</TONE>
</CODING>
</POST>
<POST>
<USERNAME>mikespikegetiingcrazytocu</USERNAME>
<DATETIME>(10:02:50 pm)</DATETIME>
<BODY>;)</BODY>
<COMMENT></COMMENT>
<CODING>
<VERSION>mikespikegetiingcrazytocu.almcbride.coded.txt</VERSION>
<CATEGORY></CATEGORY>
<TONE>6</TONE>
</CODING>
</POST>
<POST>
<USERNAME>emmys_a_peach121</USERNAME>
<DATETIME>(10:02:53 pm)</DATETIME>
<BODY>lolz</BODY>
<COMMENT>(ugh!)</COMMENT>
</POST>
<POST>
<USERNAME>mikespikegetiingcrazytocu</USERNAME>
<DATETIME>(10:03:00 pm)</DATETIME>
<BODY>bye</BODY>
<COMMENT></COMMENT>
</POST>
<POST>
<USERNAME>mikespikegetiingcrazytocu</USERNAME>
<DATETIME>(10:03:01 pm)</DATETIME>
<BODY>ok</BODY>
<COMMENT></COMMENT>
</POST>
<POST>
<USERNAME>mikespikegetiingcrazytocu</USERNAME>
<DATETIME>(10:03:23 pm)</DATETIME>
<BODY>one thing more</BODY>
<COMMENT></COMMENT>
</POST>
<POST>
<USERNAME>mikespikegetiingcrazytocu</USERNAME>
<DATETIME>(10:03:26 pm)</DATETIME>
<BODY>dont get mad</BODY>
<COMMENT></COMMENT>
</POST>
<POST>
<USERNAME>mikespikegetiingcrazytocu</USERNAME>
<DATETIME>(10:03:27 pm)</DATETIME>
<BODY>ok</BODY>
<COMMENT></COMMENT>
</POST>
<POST>
<USERNAME>emmys_a_peach121</USERNAME>
<DATETIME>(10:03:29 pm)</DATETIME>
<BODY>what?</BODY>
<COMMENT></COMMENT>
</POST>
<POST>
<USERNAME>mikespikegetiingcrazytocu</USERNAME>
<DATETIME>(10:03:30 pm)</DATETIME>
<BODY>just asking</BODY>
<COMMENT></COMMENT>
</POST>
<POST>
<USERNAME>mikespikegetiingcrazytocu</USERNAME>
<DATETIME>(10:03:39 pm)</DATETIME>
<BODY>if u would like to have group sex</BODY>
<COMMENT></COMMENT>
<CODING>
<VERSION>mikespikegetiingcrazytocu.almcbride.coded.txt</VERSION>
<CATEGORY>600</CATEGORY>
<TONE>2</TONE>
</CODING>
</POST>
<POST>
<USERNAME>mikespikegetiingcrazytocu</USERNAME>
<DATETIME>(10:03:41 pm)</DATETIME>
<BODY>?</BODY>
<COMMENT></COMMENT>
</POST>
<POST>
<USERNAME>mikespikegetiingcrazytocu</USERNAME>
<DATETIME>(10:03:43 pm)</DATETIME>
<BODY>yes or no</BODY>
<COMMENT></COMMENT>
<CODING>
<VERSION>mikespikegetiingcrazytocu.almcbride.coded.txt</VERSION>
<CATEGORY>600</CATEGORY>
<TONE>2</TONE>
</CODING>
</POST>
<POST>
<USERNAME>emmys_a_peach121</USERNAME>
<DATETIME>(10:03:47 pm)</DATETIME>
<BODY>y u gonna bring a friend?</BODY>
<COMMENT>(w...t...f?)</COMMENT>
</POST>
<POST>
<USERNAME>mikespikegetiingcrazytocu</USERNAME>
<DATETIME>(10:03:53 pm)</DATETIME>
<BODY>no</BODY>
<COMMENT></COMMENT>
</POST>
<POST>
<USERNAME>emmys_a_peach121</USERNAME>
<DATETIME>(10:03:55 pm)</DATETIME>
<BODY>u said 8</BODY>
<COMMENT></COMMENT>
</POST>
<POST>
<USERNAME>mikespikegetiingcrazytocu</USERNAME>
<DATETIME>(10:03:56 pm)</DATETIME>
<BODY>i dont want</BODY>
<COMMENT></COMMENT>
</POST>
<POST>
<USERNAME>mikespikegetiingcrazytocu</USERNAME>
<DATETIME>(10:03:58 pm)</DATETIME>
<BODY>i dont like</BODY>
<COMMENT></COMMENT>
</POST>
<POST>
<USERNAME>emmys_a_peach121</USERNAME>
<DATETIME>(10:04:04 pm)</DATETIME>
<BODY>its 8 now</BODY>
<COMMENT></COMMENT>
</POST>
<POST>
<USERNAME>mikespikegetiingcrazytocu</USERNAME>
<DATETIME>(10:04:09 pm)</DATETIME>
<BODY>but i want u to feel good</BODY>
<COMMENT></COMMENT>
<CODING>
<VERSION>mikespikegetiingcrazytocu.almcbride.coded.txt</VERSION>
<CATEGORY>600</CATEGORY>
<TONE>1</TONE>
</CODING>
</POST>
<POST>
<USERNAME>emmys_a_peach121</USERNAME>
<DATETIME>(10:04:11 pm)</DATETIME>
<BODY>did u mean 9?</BODY>
<COMMENT></COMMENT>
</POST>
<POST>
<USERNAME>mikespikegetiingcrazytocu</USERNAME>
<DATETIME>(10:04:16 pm)</DATETIME>
<BODY>to feel every pleasure</BODY>
<COMMENT></COMMENT>
<CODING>
<VERSION>mikespikegetiingcrazytocu.almcbride.coded.txt</VERSION>
<CATEGORY>600</CATEGORY>
<TONE>1</TONE>
</CODING>
</POST>
<POST>
<USERNAME>mikespikegetiingcrazytocu</USERNAME>
<DATETIME>(10:04:26 pm)</DATETIME>
<BODY>oh ya</BODY>
<COMMENT></COMMENT>
</POST>
<POST>
<USERNAME>mikespikegetiingcrazytocu</USERNAME>
<DATETIME>(10:04:27 pm)</DATETIME>
<BODY>9</BODY>
<COMMENT></COMMENT>
<CODING>
<VERSION>mikespikegetiingcrazytocu.almcbride.coded.txt</VERSION>
<CATEGORY>900</CATEGORY>
<TONE>3</TONE>
</CODING>
</POST>
<POST>
<USERNAME>mikespikegetiingcrazytocu</USERNAME>
<DATETIME>(10:04:29 pm)</DATETIME>
<BODY>sorry</BODY>
<COMMENT></COMMENT>
</POST>
<POST>
<USERNAME>emmys_a_peach121</USERNAME>
<DATETIME>(10:04:32 pm)</DATETIME>
<BODY>lolz ok</BODY>
<COMMENT></COMMENT>
</POST>
<POST>
<USERNAME>emmys_a_peach121</USERNAME>
<DATETIME>(10:04:35 pm)</DATETIME>
<BODY>u better hurry</BODY>
<COMMENT></COMMENT>
</POST>
<POST>
<USERNAME>mikespikegetiingcrazytocu</USERNAME>
<DATETIME>(10:04:38 pm)</DATETIME>
<BODY>k bvye</BODY>
<COMMENT></COMMENT>
</POST>
</CHATLOG>