<!DOCTYPE CHATLOG SYSTEM 'chatlog.dtd'>
<CHATLOG>
<PREDATOR>
<FIRSTNAME>Raymond</FIRSTNAME>
<LASTNAME>Lee</LASTNAME>
<STATEDNAME>Ray</STATEDNAME>
<STATEDAGE>17</STATEDAGE>
<AGE>26</AGE>
<GENDER>Male</GENDER>
<RACE>Asian</RACE>
<CITY>Santa Monica</CITY>
<STATE>CA</STATE>
<REPEATOFFENDER>true</REPEATOFFENDER>
<ADMITGUILT>true</ADMITGUILT>
<TRUTHFULNAME>true</TRUTHFULNAME>
<SCREENNAME>
<USERNAME>rayray121980</USERNAME>
<HOST></HOST>
</SCREENNAME>
</PREDATOR>
<VICTIM>
<FIRSTNAME></FIRSTNAME>
<LASTNAME></LASTNAME>
<STATEDNAME>Brittney</STATEDNAME>
<STATEDAGE>13</STATEDAGE>
<GENDER>Female</GENDER>
<RACE></RACE>
<CITY></CITY>
<STATE>CA</STATE>
<PREVIOUSVICTIMIZATION>false</PREVIOUSVICTIMIZATION>
<ADMITGUILT>false</ADMITGUILT>
<SCREENNAME>
<USERNAME>bananasplitbrit</USERNAME>
<HOST></HOST>
</SCREENNAME>
</VICTIM>
<CODINGVERSION>
<NAME>rayray121980.emjakubowski.coded.txt</NAME>
<CODER>emjakubowski</CODER>
</CODINGVERSION>
<POST>
<USERNAME>rayray121980</USERNAME>
<DATETIME>(03/12/07 3:18:43 pm)</DATETIME>
<BODY>hey</BODY>
<COMMENT></COMMENT>
</POST>
<POST>
<USERNAME>rayray121980</USERNAME>
<DATETIME>(03/12/07 3:18:46 pm)</DATETIME>
<BODY>which one are you</BODY>
<COMMENT></COMMENT>
</POST>
<POST>
<USERNAME>rayray121980</USERNAME>
<DATETIME>(03/12/07 3:18:48 pm)</DATETIME>
<BODY>left or right</BODY>
<COMMENT></COMMENT>
</POST>
<POST>
<USERNAME>bananasplitbrit</USERNAME>
<DATETIME></DATETIME>
<BODY>2000</BODY>
<COMMENT>(03/12/07 3:19:37 pm)</COMMENT>
</POST>
<POST>
<USERNAME>bananasplitbrit</USERNAME>
<DATETIME></DATETIME>
<BODY>2000</BODY>
<COMMENT>(03/12/07 3:19:42 pm)</COMMENT>
</POST>
<POST>
<USERNAME>rayray121980</USERNAME>
<DATETIME>(03/12/07 3:19:55 pm)</DATETIME>
<BODY>17/m/la</BODY>
<COMMENT></COMMENT>
<CODING>
<VERSION>rayray121980.emjakubowski.coded.txt</VERSION>
<CATEGORY>200</CATEGORY>
<TONE>3</TONE>
</CODING>
</POST>
<POST>
<USERNAME>rayray121980</USERNAME>
<DATETIME>(03/12/07 3:19:57 pm)</DATETIME>
<BODY>where you at</BODY>
<COMMENT></COMMENT>
<CODING>
<VERSION>rayray121980.emjakubowski.coded.txt</VERSION>
<CATEGORY>200</CATEGORY>
<TONE>2</TONE>
</CODING>
</POST>
<POST>
<USERNAME>bananasplitbrit</USERNAME>
<DATETIME></DATETIME>
<BODY>2000</BODY>
<COMMENT>(03/12/07 3:20:02 pm)</COMMENT>
</POST>
<POST>
<USERNAME>rayray121980</USERNAME>
<DATETIME>(03/12/07 3:20:08 pm)</DATETIME>
<BODY>cool me too</BODY>
<COMMENT></COMMENT>
</POST>
<POST>
<USERNAME>rayray121980</USERNAME>
<DATETIME>(03/12/07 3:20:29 pm)</DATETIME>
<BODY>what are you doing today</BODY>
<COMMENT></COMMENT>
</POST>
<POST>
<USERNAME>bananasplitbrit</USERNAME>
<DATETIME></DATETIME>
<BODY>2000</BODY>
<COMMENT>(03/12/07 3:20:47 pm)</COMMENT>
</POST>
<POST>
<USERNAME>bananasplitbrit</USERNAME>
<DATETIME></DATETIME>
<BODY>2000</BODY>
<COMMENT>(03/12/07 3:20:49 pm)</COMMENT>
</POST>
<POST>
<USERNAME>bananasplitbrit</USERNAME>
<DATETIME></DATETIME>
<BODY>2000</BODY>
<COMMENT>(03/12/07 3:20:55 pm)</COMMENT>
</POST>
<POST>
<USERNAME>rayray121980</USERNAME>
<DATETIME>(03/12/07 3:21:00 pm)</DATETIME>
<BODY>cool</BODY>
<COMMENT></COMMENT>
</POST>
<POST>
<USERNAME>rayray121980</USERNAME>
<DATETIME>(03/12/07 3:21:07 pm)</DATETIME>
<BODY>do you have a bf</BODY>
<COMMENT></COMMENT>
</POST>
<POST>
<USERNAME>bananasplitbrit</USERNAME>
<DATETIME></DATETIME>
<BODY>2000</BODY>
<COMMENT>(03/12/07 3:21:12 pm)</COMMENT>
</POST>
<POST>
<USERNAME>bananasplitbrit</USERNAME>
<DATETIME></DATETIME>
<BODY>2000</BODY>
<COMMENT>(03/12/07 3:21:20 pm)</COMMENT>
</POST>
<POST>
<USERNAME>rayray121980</USERNAME>
<DATETIME>(03/12/07 3:21:28 pm)</DATETIME>
<BODY>how much older</BODY>
<COMMENT></COMMENT>
<CODING>
<VERSION>rayray121980.emjakubowski.coded.txt</VERSION>
<CATEGORY>600</CATEGORY>
<TONE>2</TONE>
</CODING>
</POST>
<POST>
<USERNAME>rayray121980</USERNAME>
<DATETIME>(03/12/07 3:21:38 pm)</DATETIME>
<BODY>im actually 23</BODY>
<COMMENT></COMMENT>
<CODING>
<VERSION>rayray121980.emjakubowski.coded.txt</VERSION>
<CATEGORY>200</CATEGORY>
<TONE>1</TONE>
</CODING>
</POST>
<POST>
<USERNAME>bananasplitbrit</USERNAME>
<DATETIME></DATETIME>
<BODY>2000</BODY>
<COMMENT>(03/12/07 3:21:51 pm)</COMMENT>
</POST>
<POST>
<USERNAME>rayray121980</USERNAME>
<DATETIME>(03/12/07 3:21:58 pm)</DATETIME>
<BODY>since you were 13 i was kind of scared to tell you</BODY>
<COMMENT></COMMENT>
<CODING>
<VERSION>rayray121980.emjakubowski.coded.txt</VERSION>
<CATEGORY>600</CATEGORY>
<TONE>1</TONE>
</CODING>
</POST>
<POST>
<USERNAME>rayray121980</USERNAME>
<DATETIME>(03/12/07 3:22:00 pm)</DATETIME>
<BODY>sorry</BODY>
<COMMENT></COMMENT>
</POST>
<POST>
<USERNAME>bananasplitbrit</USERNAME>
<DATETIME></DATETIME>
<BODY>2000</BODY>
<COMMENT>(03/12/07 3:22:05 pm)</COMMENT>
</POST>
<POST>
<USERNAME>rayray121980</USERNAME>
<DATETIME>(03/12/07 3:22:11 pm)</DATETIME>
<BODY>im sorry</BODY>
<COMMENT></COMMENT>
</POST>
<POST>
<USERNAME>rayray121980</USERNAME>
<DATETIME>(03/12/07 3:22:14 pm)</DATETIME>
<BODY>please forgive me</BODY>
<COMMENT></COMMENT>
</POST>
<POST>
<USERNAME>bananasplitbrit</USERNAME>
<DATETIME></DATETIME>
<BODY>2000</BODY>
<COMMENT>(03/12/07 3:22:23 pm)</COMMENT>
</POST>
<POST>
<USERNAME>rayray121980</USERNAME>
<DATETIME>(03/12/07 3:22:39 pm)</DATETIME>
<BODY>i do but its not of my face</BODY>
<COMMENT></COMMENT>
<CODING>
<VERSION>rayray121980.emjakubowski.coded.txt</VERSION>
<CATEGORY>600</CATEGORY>
<TONE>3</TONE>
</CODING>
</POST>
<POST>
<USERNAME>bananasplitbrit</USERNAME>
<DATETIME></DATETIME>
<BODY>2000</BODY>
<COMMENT>(03/12/07 3:22:56 pm)</COMMENT>
</POST>
<POST>
<USERNAME>rayray121980</USERNAME>
<DATETIME>(03/12/07 3:23:03 pm)</DATETIME>
<BODY>oh hell no</BODY>
<COMMENT></COMMENT>
</POST>
<POST>
<USERNAME>rayray121980</USERNAME>
<DATETIME>(03/12/07 3:23:09 pm)</DATETIME>
<BODY>ill show you</BODY>
<COMMENT></COMMENT>
</POST>
<POST>
<USERNAME>bananasplitbrit</USERNAME>
<DATETIME></DATETIME>
<BODY>2000</BODY>
<COMMENT>(03/12/07 3:23:21 pm)</COMMENT>
</POST>
<POST>
<USERNAME>rayray121980</USERNAME>
<DATETIME>(03/12/07 3:23:35 pm)</DATETIME>
<BODY>do you want to see my cock pic</BODY>
<COMMENT></COMMENT>
<CODING>
<VERSION>rayray121980.emjakubowski.coded.txt</VERSION>
<CATEGORY>600</CATEGORY>
<TONE>2</TONE>
</CODING>
</POST>
<POST>
<USERNAME>bananasplitbrit</USERNAME>
<DATETIME></DATETIME>
<BODY>2000</BODY>
<COMMENT>(03/12/07 3:24:07 pm)</COMMENT>
</POST>
<POST>
<USERNAME>rayray121980</USERNAME>
<DATETIME>(03/12/07 3:24:12 pm)</DATETIME>
<BODY>i swear</BODY>
<COMMENT></COMMENT>
</POST>
<POST>
<USERNAME>bananasplitbrit</USERNAME>
<DATETIME></DATETIME>
<BODY>2000</BODY>
<COMMENT>(03/12/07 3:24:22 pm)</COMMENT>
</POST>
<POST>
<USERNAME>rayray121980</USERNAME>
<DATETIME>(03/12/07 3:24:32 pm)</DATETIME>
<BODY>santa monica area</BODY>
<COMMENT></COMMENT>
<CODING>
<VERSION>rayray121980.emjakubowski.coded.txt</VERSION>
<CATEGORY>200</CATEGORY>
<TONE>3</TONE>
</CODING>
</POST>
<POST>
<USERNAME>rayray121980</USERNAME>
<DATETIME>(03/12/07 3:24:41 pm)</DATETIME>
<BODY>i got a car too</BODY>
<COMMENT></COMMENT>
</POST>
<POST>
<USERNAME>bananasplitbrit</USERNAME>
<DATETIME></DATETIME>
<BODY>2000</BODY>
<COMMENT>(03/12/07 3:24:46 pm)</COMMENT>
</POST>
<POST>
<USERNAME>rayray121980</USERNAME>
<DATETIME>(03/12/07 3:24:53 pm)</DATETIME>
<BODY>sports car</BODY>
<COMMENT></COMMENT>
</POST>
<POST>
<USERNAME>rayray121980</USERNAME>
<DATETIME>(03/12/07 3:24:58 pm)</DATETIME>
<BODY>i fixed it up</BODY>
<COMMENT></COMMENT>
</POST>
<POST>
<USERNAME>rayray121980</USERNAME>
<DATETIME>(03/12/07 3:24:59 pm)</DATETIME>
<BODY>rims</BODY>
<COMMENT></COMMENT>
</POST>
<POST>
<USERNAME>rayray121980</USERNAME>
<DATETIME>(03/12/07 3:25:01 pm)</DATETIME>
<BODY>all that shit</BODY>
<COMMENT></COMMENT>
</POST>
<POST>
<USERNAME>bananasplitbrit</USERNAME>
<DATETIME></DATETIME>
<BODY>2000</BODY>
<COMMENT>(03/12/07 3:25:07 pm)</COMMENT>
</POST>
<POST>
<USERNAME>rayray121980</USERNAME>
<DATETIME>(03/12/07 3:25:12 pm)</DATETIME>
<BODY>avenger</BODY>
<COMMENT></COMMENT>
</POST>
<POST>
<USERNAME>bananasplitbrit</USERNAME>
<DATETIME></DATETIME>
<BODY>2000</BODY>
<COMMENT>(03/12/07 3:25:18 pm)</COMMENT>
</POST>
<POST>
<USERNAME>rayray121980</USERNAME>
<DATETIME>(03/12/07 3:25:22 pm)</DATETIME>
<BODY>i got some money</BODY>
<COMMENT></COMMENT>
</POST>
<POST>
<USERNAME>rayray121980</USERNAME>
<DATETIME>(03/12/07 3:25:29 pm)</DATETIME>
<BODY>but not that like filthy rich</BODY>
<COMMENT></COMMENT>
</POST>
<POST>
<USERNAME>bananasplitbrit</USERNAME>
<DATETIME></DATETIME>
<BODY>2000</BODY>
<COMMENT>(03/12/07 3:25:41 pm)</COMMENT>
</POST>
<POST>
<USERNAME>rayray121980</USERNAME>
<DATETIME>(03/12/07 3:25:47 pm)</DATETIME>
<BODY>lol</BODY>
<COMMENT></COMMENT>
</POST>
<POST>
<USERNAME>rayray121980</USERNAME>
<DATETIME>(03/12/07 3:25:48 pm)</DATETIME>
<BODY>no i work</BODY>
<COMMENT></COMMENT>
</POST>
<POST>
<USERNAME>bananasplitbrit</USERNAME>
<DATETIME></DATETIME>
<BODY>2000</BODY>
<COMMENT>(03/12/07 3:25:59 pm)</COMMENT>
</POST>
<POST>
<USERNAME>rayray121980</USERNAME>
<DATETIME>(03/12/07 3:26:00 pm)</DATETIME>
<BODY>so how many guys have you been with</BODY>
<COMMENT></COMMENT>
<CODING>
<VERSION>rayray121980.emjakubowski.coded.txt</VERSION>
<CATEGORY>600</CATEGORY>
<TONE>2</TONE>
</CODING>
</POST>
<POST>
<USERNAME>rayray121980</USERNAME>
<DATETIME>(03/12/07 3:26:07 pm)</DATETIME>
<BODY>home loans</BODY>
<COMMENT></COMMENT>
</POST>
<POST>
<USERNAME>rayray121980</USERNAME>
<DATETIME>(03/12/07 3:26:10 pm)</DATETIME>
<BODY>loan officer</BODY>
<COMMENT></COMMENT>
</POST>
<POST>
<USERNAME>bananasplitbrit</USERNAME>
<DATETIME></DATETIME>
<BODY>2000</BODY>
<COMMENT>(03/12/07 3:26:19 pm)</COMMENT>
</POST>
<POST>
<USERNAME>rayray121980</USERNAME>
<DATETIME>(03/12/07 3:26:26 pm)</DATETIME>
<BODY>k</BODY>
<COMMENT></COMMENT>
</POST>
<POST>
<USERNAME>bananasplitbrit</USERNAME>
<DATETIME></DATETIME>
<BODY>2000</BODY>
<COMMENT>(03/12/07 3:26:28 pm)</COMMENT>
</POST>
<POST>
<USERNAME>rayray121980</USERNAME>
<DATETIME>(03/12/07 3:26:32 pm)</DATETIME>
<BODY>no problem</BODY>
<COMMENT></COMMENT>
</POST>
<POST>
<USERNAME>rayray121980</USERNAME>
<DATETIME>(03/12/07 3:26:41 pm)</DATETIME>
<BODY>you like being in charge</BODY>
<COMMENT></COMMENT>
</POST>
<POST>
<USERNAME>bananasplitbrit</USERNAME>
<DATETIME></DATETIME>
<BODY>2000</BODY>
<COMMENT>(03/12/07 3:26:57 pm)</COMMENT>
</POST>
<POST>
<USERNAME>rayray121980</USERNAME>
<DATETIME>(03/12/07 3:27:07 pm)</DATETIME>
<BODY>im sorry</BODY>
<COMMENT></COMMENT>
</POST>
<POST>
<USERNAME>rayray121980</USERNAME>
<DATETIME>(03/12/07 3:27:13 pm)</DATETIME>
<BODY>what do i have to do</BODY>
<COMMENT></COMMENT>
</POST>
<POST>
<USERNAME>bananasplitbrit</USERNAME>
<DATETIME></DATETIME>
<BODY>2000</BODY>
<COMMENT>(03/12/07 3:27:40 pm)</COMMENT>
</POST>
<POST>
<USERNAME>rayray121980</USERNAME>
<DATETIME>(03/12/07 3:27:43 pm)</DATETIME>
<BODY>ok ok</BODY>
<COMMENT></COMMENT>
</POST>
<POST>
<USERNAME>rayray121980</USERNAME>
<DATETIME>(03/12/07 3:27:46 pm)</DATETIME>
<BODY>i will from now on</BODY>
<COMMENT></COMMENT>
</POST>
<POST>
<USERNAME>bananasplitbrit</USERNAME>
<DATETIME></DATETIME>
<BODY>2000</BODY>
<COMMENT>(03/12/07 3:28:07 pm)</COMMENT>
</POST>
<POST>
<USERNAME>bananasplitbrit</USERNAME>
<DATETIME></DATETIME>
<BODY>2000</BODY>
<COMMENT>(03/12/07 3:28:11 pm)</COMMENT>
</POST>
<POST>
<USERNAME>rayray121980</USERNAME>
<DATETIME>(03/12/07 3:28:18 pm)</DATETIME>
<BODY>i understand</BODY>
<COMMENT></COMMENT>
</POST>
<POST>
<USERNAME>rayray121980</USERNAME>
<DATETIME>(03/12/07 3:28:21 pm)</DATETIME>
<BODY>i wont anymore i promise</BODY>
<COMMENT></COMMENT>
</POST>
<POST>
<USERNAME>bananasplitbrit</USERNAME>
<DATETIME></DATETIME>
<BODY>2000</BODY>
<COMMENT>(03/12/07 3:28:33 pm)</COMMENT>
</POST>
<POST>
<USERNAME>rayray121980</USERNAME>
<DATETIME>(03/12/07 3:28:35 pm)</DATETIME>
<BODY>so have you ever met anyone on here</BODY>
<COMMENT></COMMENT>
</POST>
<POST>
<USERNAME>bananasplitbrit</USERNAME>
<DATETIME></DATETIME>
<BODY>2000</BODY>
<COMMENT>(03/12/07 3:28:41 pm)</COMMENT>
</POST>
<POST>
<USERNAME>rayray121980</USERNAME>
<DATETIME>(03/12/07 3:28:47 pm)</DATETIME>
<BODY>just 1</BODY>
<COMMENT></COMMENT>
</POST>
<POST>
<USERNAME>bananasplitbrit</USERNAME>
<DATETIME></DATETIME>
<BODY>2000</BODY>
<COMMENT>(03/12/07 3:28:51 pm)</COMMENT>
</POST>
<POST>
<USERNAME>rayray121980</USERNAME>
<DATETIME>(03/12/07 3:28:53 pm)</DATETIME>
<BODY>im kind of new to this</BODY>
<COMMENT></COMMENT>
</POST>
<POST>
<USERNAME>rayray121980</USERNAME>
<DATETIME>(03/12/07 3:28:54 pm)</DATETIME>
<BODY>some girl</BODY>
<COMMENT></COMMENT>
</POST>
<POST>
<USERNAME>rayray121980</USERNAME>
<DATETIME>(03/12/07 3:29:02 pm)</DATETIME>
<BODY>it was alright</BODY>
<COMMENT></COMMENT>
</POST>
<POST>
<USERNAME>bananasplitbrit</USERNAME>
<DATETIME></DATETIME>
<BODY>2000</BODY>
<COMMENT>(03/12/07 3:29:11 pm)</COMMENT>
</POST>
<POST>
<USERNAME>rayray121980</USERNAME>
<DATETIME>(03/12/07 3:29:17 pm)</DATETIME>
<BODY>18</BODY>
<COMMENT></COMMENT>
</POST>
<POST>
<USERNAME>bananasplitbrit</USERNAME>
<DATETIME></DATETIME>
<BODY>2000</BODY>
<COMMENT>(03/12/07 3:29:23 pm)</COMMENT>
</POST>
<POST>
<USERNAME>rayray121980</USERNAME>
<DATETIME>(03/12/07 3:29:23 pm)</DATETIME>
<BODY>but i like them younger</BODY>
<COMMENT></COMMENT>
<CODING>
<VERSION>rayray121980.emjakubowski.coded.txt</VERSION>
<CATEGORY>600</CATEGORY>
<TONE>1</TONE>
</CODING>
</POST>
<POST>
<USERNAME>bananasplitbrit</USERNAME>
<DATETIME></DATETIME>
<BODY>2000</BODY>
<COMMENT>(03/12/07 3:29:27 pm)</COMMENT>
</POST>
<POST>
<USERNAME>rayray121980</USERNAME>
<DATETIME>(03/12/07 3:29:38 pm)</DATETIME>
<BODY>cuz its more fun</BODY>
<COMMENT></COMMENT>
</POST>
<POST>
<USERNAME>bananasplitbrit</USERNAME>
<DATETIME></DATETIME>
<BODY>2000</BODY>
<COMMENT>(03/12/07 3:29:57 pm)</COMMENT>
</POST>
<POST>
<USERNAME>rayray121980</USERNAME>
<DATETIME>(03/12/07 3:30:13 pm)</DATETIME>
<BODY>youngest was like 17</BODY>
<COMMENT></COMMENT>
</POST>
<POST>
<USERNAME>rayray121980</USERNAME>
<DATETIME>(03/12/07 3:30:19 pm)</DATETIME>
<BODY>almost turning 18</BODY>
<COMMENT></COMMENT>
</POST>
<POST>
<USERNAME>bananasplitbrit</USERNAME>
<DATETIME></DATETIME>
<BODY>2000</BODY>
<COMMENT>(03/12/07 3:30:23 pm)</COMMENT>
</POST>
<POST>
<USERNAME>rayray121980</USERNAME>
<DATETIME>(03/12/07 3:30:34 pm)</DATETIME>
<BODY>have you been with an older guy</BODY>
<COMMENT></COMMENT>
<CODING>
<VERSION>rayray121980.emjakubowski.coded.txt</VERSION>
<CATEGORY>600</CATEGORY>
<TONE>2</TONE>
</CODING>
</POST>
<POST>
<USERNAME>bananasplitbrit</USERNAME>
<DATETIME></DATETIME>
<BODY>2000</BODY>
<COMMENT>(03/12/07 3:30:38 pm)</COMMENT>
</POST>
<POST>
<USERNAME>rayray121980</USERNAME>
<DATETIME>(03/12/07 3:30:40 pm)</DATETIME>
<BODY>k</BODY>
<COMMENT></COMMENT>
</POST>
<POST>
<USERNAME>rayray121980</USERNAME>
<DATETIME>(03/12/07 3:33:44 pm)</DATETIME>
<BODY>you back yet</BODY>
<COMMENT></COMMENT>
</POST>
<POST>
<USERNAME>bananasplitbrit</USERNAME>
<DATETIME></DATETIME>
<BODY>2000</BODY>
<COMMENT>(03/12/07 3:36:36 pm)</COMMENT>
</POST>
<POST>
<USERNAME>rayray121980</USERNAME>
<DATETIME>(03/12/07 3:36:38 pm)</DATETIME>
<BODY>yay</BODY>
<COMMENT></COMMENT>
</POST>
<POST>
<USERNAME>rayray121980</USERNAME>
<DATETIME>(03/12/07 3:36:45 pm)</DATETIME>
<BODY>how was the bathroom</BODY>
<COMMENT></COMMENT>
</POST>
<POST>
<USERNAME>bananasplitbrit</USERNAME>
<DATETIME></DATETIME>
<BODY>2000</BODY>
<COMMENT>(03/12/07 3:36:50 pm)</COMMENT>
</POST>
<POST>
<USERNAME>rayray121980</USERNAME>
<DATETIME>(03/12/07 3:37:03 pm)</DATETIME>
<BODY>so have you met anyone from here</BODY>
<COMMENT></COMMENT>
</POST>
<POST>
<USERNAME>bananasplitbrit</USERNAME>
<DATETIME></DATETIME>
<BODY>2000</BODY>
<COMMENT>(03/12/07 3:37:11 pm)</COMMENT>
</POST>
<POST>
<USERNAME>rayray121980</USERNAME>
<DATETIME>(03/12/07 3:37:18 pm)</DATETIME>
<BODY>how come</BODY>
<COMMENT></COMMENT>
</POST>
<POST>
<USERNAME>rayray121980</USERNAME>
<DATETIME>(03/12/07 3:37:35 pm)</DATETIME>
<BODY>would you</BODY>
<COMMENT></COMMENT>
</POST>
<POST>
<USERNAME>bananasplitbrit</USERNAME>
<DATETIME></DATETIME>
<BODY>2000</BODY>
<COMMENT>(03/12/07 3:37:59 pm)</COMMENT>
</POST>
<POST>
<USERNAME>rayray121980</USERNAME>
<DATETIME>(03/12/07 3:38:11 pm)</DATETIME>
<BODY>are you a virgin</BODY>
<COMMENT></COMMENT>
<CODING>
<VERSION>rayray121980.emjakubowski.coded.txt</VERSION>
<CATEGORY>600</CATEGORY>
<TONE>2</TONE>
</CODING>
</POST>
<POST>
<USERNAME>rayray121980</USERNAME>
<DATETIME>(03/12/07 3:39:12 pm)</DATETIME>
<BODY>you there</BODY>
<COMMENT></COMMENT>
</POST>
<POST>
<USERNAME>rayray121980</USERNAME>
<DATETIME>(03/12/07 3:39:49 pm)</DATETIME>
<BODY>:-/</BODY>
<COMMENT></COMMENT>
</POST>
<POST>
<USERNAME>rayray121980</USERNAME>
<DATETIME>(03/12/07 3:40:25 pm)</DATETIME>
<BODY>whered you go</BODY>
<COMMENT></COMMENT>
</POST>
<POST>
<USERNAME>bananasplitbrit</USERNAME>
<DATETIME></DATETIME>
<BODY>2000</BODY>
<COMMENT>(03/12/07 3:40:54 pm)</COMMENT>
</POST>
<POST>
<USERNAME>bananasplitbrit</USERNAME>
<DATETIME></DATETIME>
<BODY>2000</BODY>
<COMMENT>(03/12/07 3:40:59 pm)</COMMENT>
</POST>
<POST>
<USERNAME>rayray121980</USERNAME>
<DATETIME>(03/12/07 3:41:06 pm)</DATETIME>
<BODY>k</BODY>
<COMMENT></COMMENT>
</POST>
<POST>
<USERNAME>rayray121980</USERNAME>
<DATETIME>(03/12/07 3:43:58 pm)</DATETIME>
<BODY>i-)</BODY>
<COMMENT></COMMENT>
</POST>
<POST>
<USERNAME>rayray121980</USERNAME>
<DATETIME>(03/12/07 3:44:29 pm)</DATETIME>
<BODY>hello</BODY>
<COMMENT></COMMENT>
</POST>
<POST>
<USERNAME>bananasplitbrit</USERNAME>
<DATETIME></DATETIME>
<BODY>2000</BODY>
<COMMENT>(03/12/07 3:45:10 pm)</COMMENT>
</POST>
<POST>
<USERNAME>rayray121980</USERNAME>
<DATETIME>(03/12/07 3:45:16 pm)</DATETIME>
<BODY>are you done</BODY>
<COMMENT></COMMENT>
</POST>
<POST>
<USERNAME>rayray121980</USERNAME>
<DATETIME>(03/12/07 3:45:23 pm)</DATETIME>
<BODY>i want to talk to you</BODY>
<COMMENT></COMMENT>
</POST>
<POST>
<USERNAME>rayray121980</USERNAME>
<DATETIME>(03/12/07 3:45:29 pm)</DATETIME>
<BODY>youre cute</BODY>
<COMMENT></COMMENT>
</POST>
<POST>
<USERNAME>bananasplitbrit</USERNAME>
<DATETIME></DATETIME>
<BODY>2000</BODY>
<COMMENT>(03/12/07 3:45:51 pm)</COMMENT>
</POST>
<POST>
<USERNAME>rayray121980</USERNAME>
<DATETIME>(03/12/07 3:45:55 pm)</DATETIME>
<BODY>k</BODY>
<COMMENT></COMMENT>
</POST>
<POST>
<USERNAME>bananasplitbrit</USERNAME>
<DATETIME></DATETIME>
<BODY>2000</BODY>
<COMMENT>(03/12/07 3:45:58 pm)</COMMENT>
</POST>
<POST>
<USERNAME>rayray121980</USERNAME>
<DATETIME>(03/12/07 3:46:00 pm)</DATETIME>
<BODY>ray</BODY>
<COMMENT></COMMENT>
<CODING>
<VERSION>rayray121980.emjakubowski.coded.txt</VERSION>
<CATEGORY>200</CATEGORY>
<TONE>3</TONE>
</CODING>
</POST>
<POST>
<USERNAME>bananasplitbrit</USERNAME>
<DATETIME></DATETIME>
<BODY>2000</BODY>
<COMMENT>(03/12/07 3:46:02 pm)</COMMENT>
</POST>
<POST>
<USERNAME>rayray121980</USERNAME>
<DATETIME>(03/12/07 3:46:09 pm)</DATETIME>
<BODY>hi brittney</BODY>
<COMMENT></COMMENT>
</POST>
<POST>
<USERNAME>bananasplitbrit</USERNAME>
<DATETIME></DATETIME>
<BODY>2000</BODY>
<COMMENT>(03/12/07 3:46:11 pm)</COMMENT>
</POST>
<POST>
<USERNAME>bananasplitbrit</USERNAME>
<DATETIME></DATETIME>
<BODY>2000</BODY>
<COMMENT>(03/12/07 3:46:18 pm)</COMMENT>
</POST>
<POST>
<USERNAME>rayray121980</USERNAME>
<DATETIME>(03/12/07 3:46:27 pm)</DATETIME>
<BODY>i do</BODY>
<COMMENT></COMMENT>
</POST>
<POST>
<USERNAME>bananasplitbrit</USERNAME>
<DATETIME></DATETIME>
<BODY>2000</BODY>
<COMMENT>(03/12/07 3:46:36 pm)</COMMENT>
</POST>
<POST>
<USERNAME>rayray121980</USERNAME>
<DATETIME>(03/12/07 3:46:41 pm)</DATETIME>
<BODY>oh ok</BODY>
<COMMENT></COMMENT>
</POST>
<POST>
<USERNAME>rayray121980</USERNAME>
<DATETIME>(03/12/07 3:46:44 pm)</DATETIME>
<BODY>do you have anymore pics</BODY>
<COMMENT></COMMENT>
<CODING>
<VERSION>rayray121980.emjakubowski.coded.txt</VERSION>
<CATEGORY>200</CATEGORY>
<TONE>2</TONE>
</CODING>
</POST>
<POST>
<USERNAME>rayray121980</USERNAME>
<DATETIME>(03/12/07 3:46:47 pm)</DATETIME>
<BODY>whats your email</BODY>
<COMMENT></COMMENT>
<CODING>
<VERSION>rayray121980.emjakubowski.coded.txt</VERSION>
<CATEGORY>200</CATEGORY>
<TONE>2</TONE>
</CODING>
</POST>
<POST>
<USERNAME>bananasplitbrit</USERNAME>
<DATETIME></DATETIME>
<BODY>2000</BODY>
<COMMENT>(03/12/07 3:46:52 pm)</COMMENT>
</POST>
<POST>
<USERNAME>bananasplitbrit</USERNAME>
<DATETIME></DATETIME>
<BODY>2000</BODY>
<COMMENT>(03/12/07 3:46:57 pm)</COMMENT>
</POST>
<POST>
<USERNAME>rayray121980</USERNAME>
<DATETIME>(03/12/07 3:47:00 pm)</DATETIME>
<BODY>k</BODY>
<COMMENT></COMMENT>
</POST>
<POST>
<USERNAME>bananasplitbrit</USERNAME>
<DATETIME></DATETIME>
<BODY>2000</BODY>
<COMMENT>(03/12/07 3:47:13 pm)</COMMENT>
</POST>
<POST>
<USERNAME>rayray121980</USERNAME>
<DATETIME>(03/12/07 3:47:19 pm)</DATETIME>
<BODY>nope</BODY>
<COMMENT></COMMENT>
</POST>
<POST>
<USERNAME>bananasplitbrit</USERNAME>
<DATETIME></DATETIME>
<BODY>2000</BODY>
<COMMENT>(03/12/07 3:47:21 pm)</COMMENT>
</POST>
<POST>
<USERNAME>bananasplitbrit</USERNAME>
<DATETIME></DATETIME>
<BODY>2000</BODY>
<COMMENT>(03/12/07 3:47:28 pm)</COMMENT>
</POST>
<POST>
<USERNAME>bananasplitbrit</USERNAME>
<DATETIME></DATETIME>
<BODY>2000</BODY>
<COMMENT>(03/12/07 3:47:41 pm)</COMMENT>
</POST>
<POST>
<USERNAME>rayray121980</USERNAME>
<DATETIME>(03/12/07 3:47:44 pm)</DATETIME>
<BODY>oh</BODY>
<COMMENT></COMMENT>
</POST>
<POST>
<USERNAME>rayray121980</USERNAME>
<DATETIME>(03/12/07 3:48:30 pm)</DATETIME>
<BODY>do you like asian guys</BODY>
<COMMENT></COMMENT>
</POST>
<POST>
<USERNAME>bananasplitbrit</USERNAME>
<DATETIME></DATETIME>
<BODY>2000</BODY>
<COMMENT>(03/12/07 3:48:45 pm)</COMMENT>
</POST>
<POST>
<USERNAME>rayray121980</USERNAME>
<DATETIME>(03/12/07 3:48:52 pm)</DATETIME>
<BODY>i like that</BODY>
<COMMENT></COMMENT>
</POST>
<POST>
<USERNAME>bananasplitbrit</USERNAME>
<DATETIME></DATETIME>
<BODY>2000</BODY>
<COMMENT>(03/12/07 3:48:54 pm)</COMMENT>
</POST>
<POST>
<USERNAME>rayray121980</USERNAME>
<DATETIME>(03/12/07 3:48:56 pm)</DATETIME>
<BODY>good</BODY>
<COMMENT></COMMENT>
</POST>
<POST>
<USERNAME>rayray121980</USERNAME>
<DATETIME>(03/12/07 3:49:01 pm)</DATETIME>
<BODY>neither am i</BODY>
<COMMENT></COMMENT>
</POST>
<POST>
<USERNAME>bananasplitbrit</USERNAME>
<DATETIME></DATETIME>
<BODY>2000</BODY>
<COMMENT>(03/12/07 3:49:06 pm)</COMMENT>
</POST>
<POST>
<USERNAME>rayray121980</USERNAME>
<DATETIME>(03/12/07 3:49:15 pm)</DATETIME>
<BODY>i like your thinking</BODY>
<COMMENT></COMMENT>
</POST>
<POST>
<USERNAME>rayray121980</USERNAME>
<DATETIME>(03/12/07 3:49:19 pm)</DATETIME>
<BODY>youre very mature</BODY>
<COMMENT></COMMENT>
</POST>
<POST>
<USERNAME>bananasplitbrit</USERNAME>
<DATETIME></DATETIME>
<BODY>2000</BODY>
<COMMENT>(03/12/07 3:49:25 pm)</COMMENT>
</POST>
<POST>
<USERNAME>rayray121980</USERNAME>
<DATETIME>(03/12/07 3:50:09 pm)</DATETIME>
<BODY>so are you a virgin</BODY>
<COMMENT></COMMENT>
<CODING>
<VERSION>rayray121980.emjakubowski.coded.txt</VERSION>
<CATEGORY>600</CATEGORY>
<TONE>2</TONE>
</CODING>
</POST>
<POST>
<USERNAME>rayray121980</USERNAME>
<DATETIME>(03/12/07 3:50:11 pm)</DATETIME>
<BODY>just wondering</BODY>
<COMMENT></COMMENT>
</POST>
<POST>
<USERNAME>bananasplitbrit</USERNAME>
<DATETIME></DATETIME>
<BODY>2000</BODY>
<COMMENT>(03/12/07 3:50:22 pm)</COMMENT>
</POST>
<POST>
<USERNAME>bananasplitbrit</USERNAME>
<DATETIME></DATETIME>
<BODY>2000</BODY>
<COMMENT>(03/12/07 3:50:24 pm)</COMMENT>
</POST>
<POST>
<USERNAME>rayray121980</USERNAME>
<DATETIME>(03/12/07 3:50:27 pm)</DATETIME>
<BODY>nope</BODY>
<COMMENT></COMMENT>
</POST>
<POST>
<USERNAME>rayray121980</USERNAME>
<DATETIME>(03/12/07 3:50:31 pm)</DATETIME>
<BODY>when did you lose it</BODY>
<COMMENT></COMMENT>
<CODING>
<VERSION>rayray121980.emjakubowski.coded.txt</VERSION>
<CATEGORY>600</CATEGORY>
<TONE>2</TONE>
</CODING>
</POST>
<POST>
<USERNAME>bananasplitbrit</USERNAME>
<DATETIME></DATETIME>
<BODY>2000</BODY>
<COMMENT>(03/12/07 3:50:38 pm)</COMMENT>
</POST>
<POST>
<USERNAME>rayray121980</USERNAME>
<DATETIME>(03/12/07 3:51:36 pm)</DATETIME>
<BODY>oh i see</BODY>
<COMMENT></COMMENT>
</POST>
<POST>
<USERNAME>rayray121980</USERNAME>
<DATETIME>(03/12/07 3:51:42 pm)</DATETIME>
<BODY>with who</BODY>
<COMMENT></COMMENT>
</POST>
<POST>
<USERNAME>bananasplitbrit</USERNAME>
<DATETIME></DATETIME>
<BODY>2000</BODY>
<COMMENT>(03/12/07 3:51:47 pm)</COMMENT>
</POST>
<POST>
<USERNAME>rayray121980</USERNAME>
<DATETIME>(03/12/07 3:51:54 pm)</DATETIME>
<BODY>i sent you my pics</BODY>
<COMMENT></COMMENT>
<CODING>
<VERSION>rayray121980.emjakubowski.coded.txt</VERSION>
<CATEGORY>200</CATEGORY>
<TONE>1</TONE>
</CODING>
</POST>
<POST>
<USERNAME>rayray121980</USERNAME>
<DATETIME>(03/12/07 3:51:58 pm)</DATETIME>
<BODY>hope you like</BODY>
<COMMENT></COMMENT>
</POST>
<POST>
<USERNAME>bananasplitbrit</USERNAME>
<DATETIME></DATETIME>
<BODY>2000</BODY>
<COMMENT>(03/12/07 3:52:04 pm)</COMMENT>
</POST>
<POST>
<USERNAME>rayray121980</USERNAME>
<DATETIME>(03/12/07 3:52:29 pm)</DATETIME>
<BODY>im way hotter in person</BODY>
<COMMENT></COMMENT>
</POST>
<POST>
<USERNAME>rayray121980</USERNAME>
<DATETIME>(03/12/07 3:52:34 pm)</DATETIME>
<BODY>those are really bad pics</BODY>
<COMMENT></COMMENT>
</POST>
<POST>
<USERNAME>rayray121980</USERNAME>
<DATETIME>(03/12/07 3:53:43 pm)</DATETIME>
<BODY>you there</BODY>
<COMMENT></COMMENT>
</POST>
<POST>
<USERNAME>rayray121980</USERNAME>
<DATETIME>(03/12/07 3:54:39 pm)</DATETIME>
<BODY>hello</BODY>
<COMMENT></COMMENT>
</POST>
<POST>
<USERNAME>rayray121980</USERNAME>
<DATETIME>(03/12/07 3:54:42 pm)</DATETIME>
<BODY>did you get em</BODY>
<COMMENT></COMMENT>
</POST>
<POST>
<USERNAME>bananasplitbrit</USERNAME>
<DATETIME></DATETIME>
<BODY>2000</BODY>
<COMMENT>(03/12/07 3:55:16 pm)</COMMENT>
</POST>
<POST>
<USERNAME>bananasplitbrit</USERNAME>
<DATETIME></DATETIME>
<BODY>2000</BODY>
<COMMENT>(03/12/07 3:55:22 pm)</COMMENT>
</POST>
<POST>
<USERNAME>rayray121980</USERNAME>
<DATETIME>(03/12/07 3:55:25 pm)</DATETIME>
<BODY>aw thanks</BODY>
<COMMENT></COMMENT>
</POST>
<POST>
<USERNAME>rayray121980</USERNAME>
<DATETIME>(03/12/07 3:55:27 pm)</DATETIME>
<BODY>thats sweet</BODY>
<COMMENT></COMMENT>
</POST>
<POST>
<USERNAME>rayray121980</USERNAME>
<DATETIME>(03/12/07 3:55:38 pm)</DATETIME>
<BODY>im better in person</BODY>
<COMMENT></COMMENT>
</POST>
<POST>
<USERNAME>rayray121980</USERNAME>
<DATETIME>(03/12/07 3:55:41 pm)</DATETIME>
<BODY>hehe</BODY>
<COMMENT></COMMENT>
</POST>
<POST>
<USERNAME>bananasplitbrit</USERNAME>
<DATETIME></DATETIME>
<BODY>2000</BODY>
<COMMENT>(03/12/07 3:55:41 pm)</COMMENT>
</POST>
<POST>
<USERNAME>rayray121980</USERNAME>
<DATETIME>(03/12/07 3:55:53 pm)</DATETIME>
<BODY>would you like to see a dirty pic</BODY>
<COMMENT></COMMENT>
<CODING>
<VERSION>rayray121980.emjakubowski.coded.txt</VERSION>
<CATEGORY>600</CATEGORY>
<TONE>2</TONE>
</CODING>
</POST>
<POST>
<USERNAME>rayray121980</USERNAME>
<DATETIME>(03/12/07 3:55:58 pm)</DATETIME>
<BODY>:d</BODY>
<COMMENT></COMMENT>
</POST>
<POST>
<USERNAME>bananasplitbrit</USERNAME>
<DATETIME></DATETIME>
<BODY>2000</BODY>
<COMMENT>(03/12/07 3:56:17 pm)</COMMENT>
</POST>
<POST>
<USERNAME>bananasplitbrit</USERNAME>
<DATETIME></DATETIME>
<BODY>2000</BODY>
<COMMENT>(03/12/07 3:56:22 pm)</COMMENT>
</POST>
<POST>
<USERNAME>rayray121980</USERNAME>
<DATETIME>(03/12/07 3:56:27 pm)</DATETIME>
<BODY>k</BODY>
<COMMENT></COMMENT>
</POST>
<POST>
<USERNAME>bananasplitbrit</USERNAME>
<DATETIME></DATETIME>
<BODY>2000</BODY>
<COMMENT>(03/12/07 3:56:34 pm)</COMMENT>
</POST>
<POST>
<USERNAME>rayray121980</USERNAME>
<DATETIME>(03/12/07 3:56:40 pm)</DATETIME>
<BODY>i see</BODY>
<COMMENT></COMMENT>
</POST>
<POST>
<USERNAME>rayray121980</USERNAME>
<DATETIME>(03/12/07 3:57:06 pm)</DATETIME>
<BODY>sent</BODY>
<COMMENT></COMMENT>
<CODING>
<VERSION>rayray121980.emjakubowski.coded.txt</VERSION>
<CATEGORY>600</CATEGORY>
<TONE>1</TONE>
</CODING>
</POST>
<POST>
<USERNAME>bananasplitbrit</USERNAME>
<DATETIME></DATETIME>
<BODY>2000</BODY>
<COMMENT>(03/12/07 3:58:14 pm)</COMMENT>
</POST>
<POST>
<USERNAME>rayray121980</USERNAME>
<DATETIME>(03/12/07 3:58:18 pm)</DATETIME>
<BODY>hehe</BODY>
<COMMENT></COMMENT>
</POST>
<POST>
<USERNAME>bananasplitbrit</USERNAME>
<DATETIME></DATETIME>
<BODY>2000</BODY>
<COMMENT>(03/12/07 3:58:24 pm)</COMMENT>
</POST>
<POST>
<USERNAME>bananasplitbrit</USERNAME>
<DATETIME></DATETIME>
<BODY>2000</BODY>
<COMMENT>(03/12/07 3:58:27 pm)</COMMENT>
</POST>
<POST>
<USERNAME>rayray121980</USERNAME>
<DATETIME>(03/12/07 3:58:32 pm)</DATETIME>
<BODY>i said dirty</BODY>
<COMMENT></COMMENT>
</POST>
<POST>
<USERNAME>rayray121980</USERNAME>
<DATETIME>(03/12/07 3:58:33 pm)</DATETIME>
<BODY>hehe</BODY>
<COMMENT></COMMENT>
</POST>
<POST>
<USERNAME>bananasplitbrit</USERNAME>
<DATETIME></DATETIME>
<BODY>2000</BODY>
<COMMENT>(03/12/07 3:58:35 pm)</COMMENT>
</POST>
<POST>
<USERNAME>rayray121980</USERNAME>
<DATETIME>(03/12/07 3:58:39 pm)</DATETIME>
<BODY>what do you think</BODY>
<COMMENT></COMMENT>
<CODING>
<VERSION>rayray121980.emjakubowski.coded.txt</VERSION>
<CATEGORY>600</CATEGORY>
<TONE>2</TONE>
</CODING>
</POST>
<POST>
<USERNAME>bananasplitbrit</USERNAME>
<DATETIME></DATETIME>
<BODY>2000</BODY>
<COMMENT>(03/12/07 3:59:18 pm)</COMMENT>
</POST>
<POST>
<USERNAME>rayray121980</USERNAME>
<DATETIME>(03/12/07 3:59:30 pm)</DATETIME>
<BODY>do you think you can handle it</BODY>
<COMMENT></COMMENT>
<CODING>
<VERSION>rayray121980.emjakubowski.coded.txt</VERSION>
<CATEGORY>600</CATEGORY>
<TONE>2</TONE>
</CODING>
</POST>
<POST>
<USERNAME>bananasplitbrit</USERNAME>
<DATETIME></DATETIME>
<BODY>2000</BODY>
<COMMENT>(03/12/07 3:59:35 pm)</COMMENT>
</POST>
<POST>
<USERNAME>rayray121980</USERNAME>
<DATETIME>(03/12/07 3:59:46 pm)</DATETIME>
<BODY>like anything</BODY>
<COMMENT></COMMENT>
</POST>
<POST>
<USERNAME>rayray121980</USERNAME>
<DATETIME>(03/12/07 3:59:50 pm)</DATETIME>
<BODY>oral</BODY>
<COMMENT></COMMENT>
<CODING>
<VERSION>rayray121980.emjakubowski.coded.txt</VERSION>
<CATEGORY>600</CATEGORY>
<TONE>3</TONE>
</CODING>
</POST>
<POST>
<USERNAME>rayray121980</USERNAME>
<DATETIME>(03/12/07 3:59:54 pm)</DATETIME>
<BODY>sex</BODY>
<COMMENT></COMMENT>
<CODING>
<VERSION>rayray121980.emjakubowski.coded.txt</VERSION>
<CATEGORY>600</CATEGORY>
<TONE>3</TONE>
</CODING>
</POST>
<POST>
<USERNAME>bananasplitbrit</USERNAME>
<DATETIME></DATETIME>
<BODY>2000</BODY>
<COMMENT>(03/12/07 4:00:08 pm)</COMMENT>
</POST>
<POST>
<USERNAME>rayray121980</USERNAME>
<DATETIME>(03/12/07 4:00:15 pm)</DATETIME>
<BODY>me i guess</BODY>
<COMMENT></COMMENT>
</POST>
<POST>
<USERNAME>bananasplitbrit</USERNAME>
<DATETIME></DATETIME>
<BODY>2000</BODY>
<COMMENT>(03/12/07 4:00:25 pm)</COMMENT>
</POST>
<POST>
<USERNAME>bananasplitbrit</USERNAME>
<DATETIME></DATETIME>
<BODY>2000</BODY>
<COMMENT>(03/12/07 4:00:37 pm)</COMMENT>
</POST>
<POST>
<USERNAME>rayray121980</USERNAME>
<DATETIME>(03/12/07 4:00:52 pm)</DATETIME>
<BODY>not right now</BODY>
<COMMENT></COMMENT>
</POST>
<POST>
<USERNAME>rayray121980</USERNAME>
<DATETIME>(03/12/07 4:00:56 pm)</DATETIME>
<BODY>i did</BODY>
<COMMENT></COMMENT>
</POST>
<POST>
<USERNAME>rayray121980</USERNAME>
<DATETIME>(03/12/07 4:01:08 pm)</DATETIME>
<BODY>you go both ways</BODY>
<COMMENT></COMMENT>
<CODING>
<VERSION>rayray121980.emjakubowski.coded.txt</VERSION>
<CATEGORY>600</CATEGORY>
<TONE>2</TONE>
</CODING>
</POST>
<POST>
<USERNAME>bananasplitbrit</USERNAME>
<DATETIME></DATETIME>
<BODY>2000</BODY>
<COMMENT>(03/12/07 4:01:09 pm)</COMMENT>
</POST>
<POST>
<USERNAME>bananasplitbrit</USERNAME>
<DATETIME></DATETIME>
<BODY>2000</BODY>
<COMMENT>(03/12/07 4:01:14 pm)</COMMENT>
</POST>
<POST>
<USERNAME>rayray121980</USERNAME>
<DATETIME>(03/12/07 4:01:30 pm)</DATETIME>
<BODY>why did you ask if i had a gf</BODY>
<COMMENT></COMMENT>
</POST>
<POST>
<USERNAME>bananasplitbrit</USERNAME>
<DATETIME></DATETIME>
<BODY>2000</BODY>
<COMMENT>(03/12/07 4:01:55 pm)</COMMENT>
</POST>
<POST>
<USERNAME>rayray121980</USERNAME>
<DATETIME>(03/12/07 4:02:01 pm)</DATETIME>
<BODY>oh no</BODY>
<COMMENT></COMMENT>
</POST>
<POST>
<USERNAME>rayray121980</USERNAME>
<DATETIME>(03/12/07 4:02:06 pm)</DATETIME>
<BODY>i want oral and sex with you</BODY>
<COMMENT></COMMENT>
<CODING>
<VERSION>rayray121980.emjakubowski.coded.txt</VERSION>
<CATEGORY>600</CATEGORY>
<TONE>1</TONE>
</CODING>
</POST>
<POST>
<USERNAME>rayray121980</USERNAME>
<DATETIME>(03/12/07 4:02:12 pm)</DATETIME>
<BODY>:-></BODY>
<COMMENT></COMMENT>
</POST>
<POST>
<USERNAME>bananasplitbrit</USERNAME>
<DATETIME></DATETIME>
<BODY>2000</BODY>
<COMMENT>(03/12/07 4:02:18 pm)</COMMENT>
</POST>
<POST>
<USERNAME>bananasplitbrit</USERNAME>
<DATETIME></DATETIME>
<BODY>2000</BODY>
<COMMENT>(03/12/07 4:02:21 pm)</COMMENT>
</POST>
<POST>
<USERNAME>rayray121980</USERNAME>
<DATETIME>(03/12/07 4:02:22 pm)</DATETIME>
<BODY>lol</BODY>
<COMMENT></COMMENT>
</POST>
<POST>
<USERNAME>rayray121980</USERNAME>
<DATETIME>(03/12/07 4:02:36 pm)</DATETIME>
<BODY>thats why i asked if you think you could handle it</BODY>
<COMMENT></COMMENT>
<CODING>
<VERSION>rayray121980.emjakubowski.coded.txt</VERSION>
<CATEGORY>600</CATEGORY>
<TONE>1</TONE>
</CODING>
</POST>
<POST>
<USERNAME>bananasplitbrit</USERNAME>
<DATETIME></DATETIME>
<BODY>2000</BODY>
<COMMENT>(03/12/07 4:02:47 pm)</COMMENT>
</POST>
<POST>
<USERNAME>rayray121980</USERNAME>
<DATETIME>(03/12/07 4:03:11 pm)</DATETIME>
<BODY>where are you at</BODY>
<COMMENT></COMMENT>
<CODING>
<VERSION>rayray121980.emjakubowski.coded.txt</VERSION>
<CATEGORY>900</CATEGORY>
<TONE>2</TONE>
</CODING>
</POST>
<POST>
<USERNAME>bananasplitbrit</USERNAME>
<DATETIME></DATETIME>
<BODY>2000</BODY>
<COMMENT>(03/12/07 4:03:24 pm)</COMMENT>
</POST>
<POST>
<USERNAME>rayray121980</USERNAME>
<DATETIME>(03/12/07 4:03:33 pm)</DATETIME>
<BODY>i know that silly</BODY>
<COMMENT></COMMENT>
</POST>
<POST>
<USERNAME>rayray121980</USERNAME>
<DATETIME>(03/12/07 4:03:34 pm)</DATETIME>
<BODY>wheres home</BODY>
<COMMENT></COMMENT>
<CODING>
<VERSION>rayray121980.emjakubowski.coded.txt</VERSION>
<CATEGORY>900</CATEGORY>
<TONE>2</TONE>
</CODING>
</POST>
<POST>
<USERNAME>bananasplitbrit</USERNAME>
<DATETIME></DATETIME>
<BODY>2000</BODY>
<COMMENT>(03/12/07 4:03:37 pm)</COMMENT>
</POST>
<POST>
<USERNAME>bananasplitbrit</USERNAME>
<DATETIME></DATETIME>
<BODY>2000</BODY>
<COMMENT>(03/12/07 4:03:40 pm)</COMMENT>
</POST>
<POST>
<USERNAME>bananasplitbrit</USERNAME>
<DATETIME></DATETIME>
<BODY>2000</BODY>
<COMMENT>(03/12/07 4:03:42 pm)</COMMENT>
</POST>
<POST>
<USERNAME>rayray121980</USERNAME>
<DATETIME>(03/12/07 4:03:47 pm)</DATETIME>
<BODY>santa monica</BODY>
<COMMENT></COMMENT>
<CODING>
<VERSION>rayray121980.emjakubowski.coded.txt</VERSION>
<CATEGORY>200</CATEGORY>
<TONE>3</TONE>
</CODING>
</POST>
<POST>
<USERNAME>bananasplitbrit</USERNAME>
<DATETIME></DATETIME>
<BODY>2000</BODY>
<COMMENT>(03/12/07 4:03:50 pm)</COMMENT>
</POST>
<POST>
<USERNAME>rayray121980</USERNAME>
<DATETIME>(03/12/07 4:03:51 pm)</DATETIME>
<BODY>are you close</BODY>
<COMMENT></COMMENT>
</POST>
<POST>
<USERNAME>bananasplitbrit</USERNAME>
<DATETIME></DATETIME>
<BODY>2000</BODY>
<COMMENT>(03/12/07 4:03:55 pm)</COMMENT>
</POST>
<POST>
<USERNAME>bananasplitbrit</USERNAME>
<DATETIME></DATETIME>
<BODY>2000</BODY>
<COMMENT>(03/12/07 4:04:04 pm)</COMMENT>
</POST>
<POST>
<USERNAME>rayray121980</USERNAME>
<DATETIME>(03/12/07 4:04:07 pm)</DATETIME>
<BODY>oh i see</BODY>
<COMMENT></COMMENT>
</POST>
<POST>
<USERNAME>bananasplitbrit</USERNAME>
<DATETIME></DATETIME>
<BODY>2000</BODY>
<COMMENT>(03/12/07 4:04:10 pm)</COMMENT>
</POST>
<POST>
<USERNAME>rayray121980</USERNAME>
<DATETIME>(03/12/07 4:04:12 pm)</DATETIME>
<BODY>do you know what city youre in</BODY>
<COMMENT></COMMENT>
<CODING>
<VERSION>rayray121980.emjakubowski.coded.txt</VERSION>
<CATEGORY>200</CATEGORY>
<TONE>2</TONE>
</CODING>
</POST>
<POST>
<USERNAME>bananasplitbrit</USERNAME>
<DATETIME></DATETIME>
<BODY>2000</BODY>
<COMMENT>(03/12/07 4:04:15 pm)</COMMENT>
</POST>
<POST>
<USERNAME>bananasplitbrit</USERNAME>
<DATETIME></DATETIME>
<BODY>2000</BODY>
<COMMENT>(03/12/07 4:04:22 pm)</COMMENT>
</POST>
<POST>
<USERNAME>rayray121980</USERNAME>
<DATETIME>(03/12/07 4:04:25 pm)</DATETIME>
<BODY>oh ok</BODY>
<COMMENT></COMMENT>
</POST>
<POST>
<USERNAME>rayray121980</USERNAME>
<DATETIME>(03/12/07 4:04:27 pm)</DATETIME>
<BODY>youre not that far</BODY>
<COMMENT></COMMENT>
</POST>
<POST>
<USERNAME>rayray121980</USERNAME>
<DATETIME>(03/12/07 4:04:31 pm)</DATETIME>
<BODY>who do you live with</BODY>
<COMMENT></COMMENT>
</POST>
<POST>
<USERNAME>bananasplitbrit</USERNAME>
<DATETIME></DATETIME>
<BODY>2000</BODY>
<COMMENT>(03/12/07 4:04:32 pm)</COMMENT>
</POST>
<POST>
<USERNAME>bananasplitbrit</USERNAME>
<DATETIME></DATETIME>
<BODY>2000</BODY>
<COMMENT>(03/12/07 4:04:35 pm)</COMMENT>
</POST>
<POST>
<USERNAME>rayray121980</USERNAME>
<DATETIME>(03/12/07 4:04:37 pm)</DATETIME>
<BODY>like 40 mins</BODY>
<COMMENT></COMMENT>
</POST>
<POST>
<USERNAME>rayray121980</USERNAME>
<DATETIME>(03/12/07 4:04:40 pm)</DATETIME>
<BODY>oh ok</BODY>
<COMMENT></COMMENT>
</POST>
<POST>
<USERNAME>bananasplitbrit</USERNAME>
<DATETIME></DATETIME>
<BODY>2000</BODY>
<COMMENT>(03/12/07 4:04:43 pm)</COMMENT>
</POST>
<POST>
<USERNAME>rayray121980</USERNAME>
<DATETIME>(03/12/07 4:04:52 pm)</DATETIME>
<BODY>i can drive</BODY>
<COMMENT></COMMENT>
</POST>
<POST>
<USERNAME>bananasplitbrit</USERNAME>
<DATETIME></DATETIME>
<BODY>2000</BODY>
<COMMENT>(03/12/07 4:04:52 pm)</COMMENT>
</POST>
<POST>
<USERNAME>rayray121980</USERNAME>
<DATETIME>(03/12/07 4:04:55 pm)</DATETIME>
<BODY>i see</BODY>
<COMMENT></COMMENT>
</POST>
<POST>
<USERNAME>rayray121980</USERNAME>
<DATETIME>(03/12/07 4:04:57 pm)</DATETIME>
<BODY>mine too</BODY>
<COMMENT></COMMENT>
</POST>
<POST>
<USERNAME>bananasplitbrit</USERNAME>
<DATETIME></DATETIME>
<BODY>2000</BODY>
<COMMENT>(03/12/07 4:05:01 pm)</COMMENT>
</POST>
<POST>
<USERNAME>bananasplitbrit</USERNAME>
<DATETIME></DATETIME>
<BODY>2000</BODY>
<COMMENT>(03/12/07 4:05:04 pm)</COMMENT>
</POST>
<POST>
<USERNAME>rayray121980</USERNAME>
<DATETIME>(03/12/07 4:05:13 pm)</DATETIME>
<BODY>dodge avenger</BODY>
<COMMENT></COMMENT>
</POST>
<POST>
<USERNAME>rayray121980</USERNAME>
<DATETIME>(03/12/07 4:05:15 pm)</DATETIME>
<BODY>its nice</BODY>
<COMMENT></COMMENT>
</POST>
<POST>
<USERNAME>bananasplitbrit</USERNAME>
<DATETIME></DATETIME>
<BODY>2000</BODY>
<COMMENT>(03/12/07 4:05:19 pm)</COMMENT>
</POST>
<POST>
<USERNAME>bananasplitbrit</USERNAME>
<DATETIME></DATETIME>
<BODY>2000</BODY>
<COMMENT>(03/12/07 4:05:26 pm)</COMMENT>
</POST>
<POST>
<USERNAME>rayray121980</USERNAME>
<DATETIME>(03/12/07 4:05:28 pm)</DATETIME>
<BODY>black</BODY>
<COMMENT></COMMENT>
</POST>
<POST>
<USERNAME>bananasplitbrit</USERNAME>
<DATETIME></DATETIME>
<BODY>2000</BODY>
<COMMENT>(03/12/07 4:05:30 pm)</COMMENT>
</POST>
<POST>
<USERNAME>bananasplitbrit</USERNAME>
<DATETIME></DATETIME>
<BODY>2000</BODY>
<COMMENT>(03/12/07 4:05:35 pm)</COMMENT>
</POST>
<POST>
<USERNAME>rayray121980</USERNAME>
<DATETIME>(03/12/07 4:05:40 pm)</DATETIME>
<BODY>i like those too</BODY>
<COMMENT></COMMENT>
</POST>
<POST>
<USERNAME>bananasplitbrit</USERNAME>
<DATETIME></DATETIME>
<BODY>2000</BODY>
<COMMENT>(03/12/07 4:05:45 pm)</COMMENT>
</POST>
<POST>
<USERNAME>rayray121980</USERNAME>
<DATETIME>(03/12/07 4:05:51 pm)</DATETIME>
<BODY>so wheres your mom</BODY>
<COMMENT></COMMENT>
<CODING>
<VERSION>rayray121980.emjakubowski.coded.txt</VERSION>
<CATEGORY>900</CATEGORY>
<TONE>2</TONE>
</CODING>
</POST>
<POST>
<USERNAME>bananasplitbrit</USERNAME>
<DATETIME></DATETIME>
<BODY>2000</BODY>
<COMMENT>(03/12/07 4:05:55 pm)</COMMENT>
</POST>
<POST>
<USERNAME>bananasplitbrit</USERNAME>
<DATETIME></DATETIME>
<BODY>2000</BODY>
<COMMENT>(03/12/07 4:05:59 pm)</COMMENT>
</POST>
<POST>
<USERNAME>bananasplitbrit</USERNAME>
<DATETIME></DATETIME>
<BODY>2000</BODY>
<COMMENT>(03/12/07 4:06:04 pm)</COMMENT>
</POST>
<POST>
<USERNAME>rayray121980</USERNAME>
<DATETIME>(03/12/07 4:06:08 pm)</DATETIME>
<BODY>damn</BODY>
<COMMENT></COMMENT>
</POST>
<POST>
<USERNAME>bananasplitbrit</USERNAME>
<DATETIME></DATETIME>
<BODY>2000</BODY>
<COMMENT>(03/12/07 4:06:14 pm)</COMMENT>
</POST>
<POST>
<USERNAME>rayray121980</USERNAME>
<DATETIME>(03/12/07 4:06:16 pm)</DATETIME>
<BODY>what time is she coming home</BODY>
<COMMENT></COMMENT>
<CODING>
<VERSION>rayray121980.emjakubowski.coded.txt</VERSION>
<CATEGORY>900</CATEGORY>
<TONE>2</TONE>
</CODING>
</POST>
<POST>
<USERNAME>bananasplitbrit</USERNAME>
<DATETIME></DATETIME>
<BODY>2000</BODY>
<COMMENT>(03/12/07 4:06:17 pm)</COMMENT>
</POST>
<POST>
<USERNAME>bananasplitbrit</USERNAME>
<DATETIME></DATETIME>
<BODY>2000</BODY>
<COMMENT>(03/12/07 4:06:25 pm)</COMMENT>
</POST>
<POST>
<USERNAME>rayray121980</USERNAME>
<DATETIME>(03/12/07 4:06:30 pm)</DATETIME>
<BODY>does she go back</BODY>
<COMMENT></COMMENT>
<CODING>
<VERSION>rayray121980.emjakubowski.coded.txt</VERSION>
<CATEGORY>900</CATEGORY>
<TONE>2</TONE>
</CODING>
</POST>
<POST>
<USERNAME>bananasplitbrit</USERNAME>
<DATETIME></DATETIME>
<BODY>2000</BODY>
<COMMENT>(03/12/07 4:06:40 pm)</COMMENT>
</POST>
<POST>
<USERNAME>rayray121980</USERNAME>
<DATETIME>(03/12/07 4:06:40 pm)</DATETIME>
<BODY>to work</BODY>
<COMMENT></COMMENT>
</POST>
<POST>
<USERNAME>rayray121980</USERNAME>
<DATETIME>(03/12/07 4:06:44 pm)</DATETIME>
<BODY>ah</BODY>
<COMMENT></COMMENT>
</POST>
<POST>
<USERNAME>bananasplitbrit</USERNAME>
<DATETIME></DATETIME>
<BODY>2000</BODY>
<COMMENT>(03/12/07 4:06:47 pm)</COMMENT>
</POST>
<POST>
<USERNAME>rayray121980</USERNAME>
<DATETIME>(03/12/07 4:07:00 pm)</DATETIME>
<BODY>so you will home by yourself</BODY>
<COMMENT></COMMENT>
<CODING>
<VERSION>rayray121980.emjakubowski.coded.txt</VERSION>
<CATEGORY>900</CATEGORY>
<TONE>2</TONE>
</CODING>
</POST>
<POST>
<USERNAME>rayray121980</USERNAME>
<DATETIME>(03/12/07 4:07:03 pm)</DATETIME>
<BODY>be</BODY>
<COMMENT></COMMENT>
</POST>
<POST>
<USERNAME>bananasplitbrit</USERNAME>
<DATETIME></DATETIME>
<BODY>2000</BODY>
<COMMENT>(03/12/07 4:07:12 pm)</COMMENT>
</POST>
<POST>
<USERNAME>rayray121980</USERNAME>
<DATETIME>(03/12/07 4:07:15 pm)</DATETIME>
<BODY>oh</BODY>
<COMMENT></COMMENT>
</POST>
<POST>
<USERNAME>rayray121980</USERNAME>
<DATETIME>(03/12/07 4:07:22 pm)</DATETIME>
<BODY>how bout you stay home and let me come over</BODY>
<COMMENT></COMMENT>
<CODING>
<VERSION>rayray121980.emjakubowski.coded.txt</VERSION>
<CATEGORY>900</CATEGORY>
<TONE>1</TONE>
</CODING>
</POST>
<POST>
<USERNAME>bananasplitbrit</USERNAME>
<DATETIME></DATETIME>
<BODY>2000</BODY>
<COMMENT>(03/12/07 4:07:30 pm)</COMMENT>
</POST>
<POST>
<USERNAME>bananasplitbrit</USERNAME>
<DATETIME></DATETIME>
<BODY>2000</BODY>
<COMMENT>(03/12/07 4:07:36 pm)</COMMENT>
</POST>
<POST>
<USERNAME>bananasplitbrit</USERNAME>
<DATETIME></DATETIME>
<BODY>2000</BODY>
<COMMENT>(03/12/07 4:07:42 pm)</COMMENT>
</POST>
<POST>
<USERNAME>rayray121980</USERNAME>
<DATETIME>(03/12/07 4:07:54 pm)</DATETIME>
<BODY>im sad</BODY>
<COMMENT></COMMENT>
</POST>
<POST>
<USERNAME>bananasplitbrit</USERNAME>
<DATETIME></DATETIME>
<BODY>2000</BODY>
<COMMENT>(03/12/07 4:07:55 pm)</COMMENT>
</POST>
<POST>
<USERNAME>rayray121980</USERNAME>
<DATETIME>(03/12/07 4:07:57 pm)</DATETIME>
<BODY>i do</BODY>
<COMMENT></COMMENT>
</POST>
<POST>
<USERNAME>bananasplitbrit</USERNAME>
<DATETIME></DATETIME>
<BODY>2000</BODY>
<COMMENT>(03/12/07 4:07:59 pm)</COMMENT>
</POST>
<POST>
<USERNAME>bananasplitbrit</USERNAME>
<DATETIME></DATETIME>
<BODY>2000</BODY>
<COMMENT>(03/12/07 4:08:05 pm)</COMMENT>
</POST>
<POST>
<USERNAME>bananasplitbrit</USERNAME>
<DATETIME></DATETIME>
<BODY>2000</BODY>
<COMMENT>(03/12/07 4:08:08 pm)</COMMENT>
</POST>
<POST>
<USERNAME>rayray121980</USERNAME>
<DATETIME>(03/12/07 4:08:09 pm)</DATETIME>
<BODY>how big</BODY>
<COMMENT></COMMENT>
</POST>
<POST>
<USERNAME>bananasplitbrit</USERNAME>
<DATETIME></DATETIME>
<BODY>2000</BODY>
<COMMENT>(03/12/07 4:08:18 pm)</COMMENT>
</POST>
<POST>
<USERNAME>rayray121980</USERNAME>
<DATETIME>(03/12/07 4:08:25 pm)</DATETIME>
<BODY>ok</BODY>
<COMMENT></COMMENT>
</POST>
<POST>
<USERNAME>bananasplitbrit</USERNAME>
<DATETIME></DATETIME>
<BODY>2000</BODY>
<COMMENT>(03/12/07 4:08:28 pm)</COMMENT>
</POST>
<POST>
<USERNAME>rayray121980</USERNAME>
<DATETIME>(03/12/07 4:08:32 pm)</DATETIME>
<BODY>anything you want</BODY>
<COMMENT></COMMENT>
</POST>
<POST>
<USERNAME>bananasplitbrit</USERNAME>
<DATETIME></DATETIME>
<BODY>2000</BODY>
<COMMENT>(03/12/07 4:08:36 pm)</COMMENT>
</POST>
<POST>
<USERNAME>rayray121980</USERNAME>
<DATETIME>(03/12/07 4:08:38 pm)</DATETIME>
<BODY>but then i get anything i want</BODY>
<COMMENT></COMMENT>
</POST>
<POST>
<USERNAME>rayray121980</USERNAME>
<DATETIME>(03/12/07 4:08:40 pm)</DATETIME>
<BODY>hehe</BODY>
<COMMENT></COMMENT>
</POST>
<POST>
<USERNAME>bananasplitbrit</USERNAME>
<DATETIME></DATETIME>
<BODY>2000</BODY>
<COMMENT>(03/12/07 4:08:42 pm)</COMMENT>
</POST>
<POST>
<USERNAME>bananasplitbrit</USERNAME>
<DATETIME></DATETIME>
<BODY>2000</BODY>
<COMMENT>(03/12/07 4:08:45 pm)</COMMENT>
</POST>
<POST>
<USERNAME>rayray121980</USERNAME>
<DATETIME>(03/12/07 4:08:49 pm)</DATETIME>
<BODY>you</BODY>
<COMMENT></COMMENT>
<CODING>
<VERSION>rayray121980.emjakubowski.coded.txt</VERSION>
<CATEGORY>600</CATEGORY>
<TONE>3</TONE>
</CODING>
</POST>
<POST>
<USERNAME>bananasplitbrit</USERNAME>
<DATETIME></DATETIME>
<BODY>2000</BODY>
<COMMENT>(03/12/07 4:08:59 pm)</COMMENT>
</POST>
<POST>
<USERNAME>rayray121980</USERNAME>
<DATETIME>(03/12/07 4:09:05 pm)</DATETIME>
<BODY>you naked</BODY>
<COMMENT></COMMENT>
<CODING>
<VERSION>rayray121980.emjakubowski.coded.txt</VERSION>
<CATEGORY>600</CATEGORY>
<TONE>3</TONE>
</CODING>
</POST>
<POST>
<USERNAME>bananasplitbrit</USERNAME>
<DATETIME></DATETIME>
<BODY>2000</BODY>
<COMMENT>(03/12/07 4:09:10 pm)</COMMENT>
</POST>
<POST>
<USERNAME>rayray121980</USERNAME>
<DATETIME>(03/12/07 4:09:12 pm)</DATETIME>
<BODY>yeah</BODY>
<COMMENT></COMMENT>
</POST>
<POST>
<USERNAME>bananasplitbrit</USERNAME>
<DATETIME></DATETIME>
<BODY>2000</BODY>
<COMMENT>(03/12/07 4:09:19 pm)</COMMENT>
</POST>
<POST>
<USERNAME>bananasplitbrit</USERNAME>
<DATETIME></DATETIME>
<BODY>2000</BODY>
<COMMENT>(03/12/07 4:09:25 pm)</COMMENT>
</POST>
<POST>
<USERNAME>rayray121980</USERNAME>
<DATETIME>(03/12/07 4:09:28 pm)</DATETIME>
<BODY>k</BODY>
<COMMENT></COMMENT>
</POST>
<POST>
<USERNAME>bananasplitbrit</USERNAME>
<DATETIME></DATETIME>
<BODY>2000</BODY>
<COMMENT>(03/12/07 4:09:33 pm)</COMMENT>
</POST>
<POST>
<USERNAME>rayray121980</USERNAME>
<DATETIME>(03/12/07 4:09:35 pm)</DATETIME>
<BODY>dont worry ill be gentle</BODY>
<COMMENT></COMMENT>
<CODING>
<VERSION>rayray121980.emjakubowski.coded.txt</VERSION>
<CATEGORY>600</CATEGORY>
<TONE>1</TONE>
</CODING>
</POST>
<POST>
<USERNAME>rayray121980</USERNAME>
<DATETIME>(03/12/07 4:09:38 pm)</DATETIME>
<BODY>thats it</BODY>
<COMMENT></COMMENT>
</POST>
<POST>
<USERNAME>rayray121980</USERNAME>
<DATETIME>(03/12/07 4:09:42 pm)</DATETIME>
<BODY>just give me some luvin</BODY>
<COMMENT></COMMENT>
<CODING>
<VERSION>rayray121980.emjakubowski.coded.txt</VERSION>
<CATEGORY>600</CATEGORY>
<TONE>1</TONE>
</CODING>
</POST>
<POST>
<USERNAME>rayray121980</USERNAME>
<DATETIME>(03/12/07 4:09:48 pm)</DATETIME>
<BODY>and be cool</BODY>
<COMMENT></COMMENT>
</POST>
<POST>
<USERNAME>bananasplitbrit</USERNAME>
<DATETIME></DATETIME>
<BODY>2000</BODY>
<COMMENT>(03/12/07 4:09:53 pm)</COMMENT>
</POST>
<POST>
<USERNAME>rayray121980</USERNAME>
<DATETIME>(03/12/07 4:10:01 pm)</DATETIME>
<BODY>no lol</BODY>
<COMMENT></COMMENT>
</POST>
<POST>
<USERNAME>rayray121980</USERNAME>
<DATETIME>(03/12/07 4:10:06 pm)</DATETIME>
<BODY>i want to lick you</BODY>
<COMMENT></COMMENT>
<CODING>
<VERSION>rayray121980.emjakubowski.coded.txt</VERSION>
<CATEGORY>600</CATEGORY>
<TONE>1</TONE>
</CODING>
</POST>
<POST>
<USERNAME>rayray121980</USERNAME>
<DATETIME>(03/12/07 4:10:13 pm)</DATETIME>
<BODY>and fuck you</BODY>
<COMMENT></COMMENT>
<CODING>
<VERSION>rayray121980.emjakubowski.coded.txt</VERSION>
<CATEGORY>600</CATEGORY>
<TONE>1</TONE>
</CODING>
</POST>
<POST>
<USERNAME>bananasplitbrit</USERNAME>
<DATETIME></DATETIME>
<BODY>2000</BODY>
<COMMENT>(03/12/07 4:10:18 pm)</COMMENT>
</POST>
<POST>
<USERNAME>rayray121980</USERNAME>
<DATETIME>(03/12/07 4:10:29 pm)</DATETIME>
<BODY>ill be gentle</BODY>
<COMMENT></COMMENT>
<CODING>
<VERSION>rayray121980.emjakubowski.coded.txt</VERSION>
<CATEGORY>600</CATEGORY>
<TONE>1</TONE>
</CODING>
</POST>
<POST>
<USERNAME>bananasplitbrit</USERNAME>
<DATETIME></DATETIME>
<BODY>2000</BODY>
<COMMENT>(03/12/07 4:10:30 pm)</COMMENT>
</POST>
<POST>
<USERNAME>bananasplitbrit</USERNAME>
<DATETIME></DATETIME>
<BODY>2000</BODY>
<COMMENT>(03/12/07 4:10:36 pm)</COMMENT>
</POST>
<POST>
<USERNAME>rayray121980</USERNAME>
<DATETIME>(03/12/07 4:10:41 pm)</DATETIME>
<BODY>lub?</BODY>
<COMMENT></COMMENT>
</POST>
<POST>
<USERNAME>bananasplitbrit</USERNAME>
<DATETIME></DATETIME>
<BODY>2000</BODY>
<COMMENT>(03/12/07 4:10:46 pm)</COMMENT>
</POST>
<POST>
<USERNAME>bananasplitbrit</USERNAME>
<DATETIME></DATETIME>
<BODY>2000</BODY>
<COMMENT>(03/12/07 4:10:48 pm)</COMMENT>
</POST>
<POST>
<USERNAME>rayray121980</USERNAME>
<DATETIME>(03/12/07 4:10:50 pm)</DATETIME>
<BODY>oh</BODY>
<COMMENT></COMMENT>
</POST>
<POST>
<USERNAME>rayray121980</USERNAME>
<DATETIME>(03/12/07 4:10:52 pm)</DATETIME>
<BODY>ok</BODY>
<COMMENT></COMMENT>
</POST>
<POST>
<USERNAME>rayray121980</USERNAME>
<DATETIME>(03/12/07 4:10:57 pm)</DATETIME>
<BODY>chocolate and a rose</BODY>
<COMMENT></COMMENT>
</POST>
<POST>
<USERNAME>bananasplitbrit</USERNAME>
<DATETIME></DATETIME>
<BODY>2000</BODY>
<COMMENT>(03/12/07 4:11:00 pm)</COMMENT>
</POST>
<POST>
<USERNAME>rayray121980</USERNAME>
<DATETIME>(03/12/07 4:11:00 pm)</DATETIME>
<BODY>no problem</BODY>
<COMMENT></COMMENT>
</POST>
<POST>
<USERNAME>bananasplitbrit</USERNAME>
<DATETIME></DATETIME>
<BODY>2000</BODY>
<COMMENT>(03/12/07 4:11:06 pm)</COMMENT>
</POST>
<POST>
<USERNAME>rayray121980</USERNAME>
<DATETIME>(03/12/07 4:11:09 pm)</DATETIME>
<BODY>yup</BODY>
<COMMENT></COMMENT>
</POST>
<POST>
<USERNAME>bananasplitbrit</USERNAME>
<DATETIME></DATETIME>
<BODY>2000</BODY>
<COMMENT>(03/12/07 4:11:11 pm)</COMMENT>
</POST>
<POST>
<USERNAME>rayray121980</USERNAME>
<DATETIME>(03/12/07 4:11:14 pm)</DATETIME>
<BODY>yes</BODY>
<COMMENT></COMMENT>
</POST>
<POST>
<USERNAME>bananasplitbrit</USERNAME>
<DATETIME></DATETIME>
<BODY>2000</BODY>
<COMMENT>(03/12/07 4:11:19 pm)</COMMENT>
</POST>
<POST>
<USERNAME>rayray121980</USERNAME>
<DATETIME>(03/12/07 4:11:20 pm)</DATETIME>
<BODY>will i get to have sex with you</BODY>
<COMMENT></COMMENT>
<CODING>
<VERSION>rayray121980.emjakubowski.coded.txt</VERSION>
<CATEGORY>600</CATEGORY>
<TONE>2</TONE>
</CODING>
</POST>
<POST>
<USERNAME>bananasplitbrit</USERNAME>
<DATETIME></DATETIME>
<BODY>2000</BODY>
<COMMENT>(03/12/07 4:11:27 pm)</COMMENT>
</POST>
<POST>
<USERNAME>bananasplitbrit</USERNAME>
<DATETIME></DATETIME>
<BODY>2000</BODY>
<COMMENT>(03/12/07 4:11:31 pm)</COMMENT>
</POST>
<POST>
<USERNAME>rayray121980</USERNAME>
<DATETIME>(03/12/07 4:11:34 pm)</DATETIME>
<BODY>i do</BODY>
<COMMENT></COMMENT>
</POST>
<POST>
<USERNAME>rayray121980</USERNAME>
<DATETIME>(03/12/07 4:11:47 pm)</DATETIME>
<BODY>how much do you weigh</BODY>
<COMMENT></COMMENT>
</POST>
<POST>
<USERNAME>bananasplitbrit</USERNAME>
<DATETIME></DATETIME>
<BODY>2000</BODY>
<COMMENT>(03/12/07 4:11:50 pm)</COMMENT>
</POST>
<POST>
<USERNAME>rayray121980</USERNAME>
<DATETIME>(03/12/07 4:11:56 pm)</DATETIME>
<BODY>i dont mind</BODY>
<COMMENT></COMMENT>
</POST>
<POST>
<USERNAME>bananasplitbrit</USERNAME>
<DATETIME></DATETIME>
<BODY>2000</BODY>
<COMMENT>(03/12/07 4:11:57 pm)</COMMENT>
</POST>
<POST>
<USERNAME>rayray121980</USERNAME>
<DATETIME>(03/12/07 4:11:59 pm)</DATETIME>
<BODY>k</BODY>
<COMMENT></COMMENT>
</POST>
<POST>
<USERNAME>rayray121980</USERNAME>
<DATETIME>(03/12/07 4:12:05 pm)</DATETIME>
<BODY>ill teach you somethings</BODY>
<COMMENT></COMMENT>
<CODING>
<VERSION>rayray121980.emjakubowski.coded.txt</VERSION>
<CATEGORY>600</CATEGORY>
<TONE>1</TONE>
</CODING>
</POST>
<POST>
<USERNAME>rayray121980</USERNAME>
<DATETIME>(03/12/07 4:12:10 pm)</DATETIME>
<BODY>but youve done it before right</BODY>
<COMMENT></COMMENT>
<CODING>
<VERSION>rayray121980.emjakubowski.coded.txt</VERSION>
<CATEGORY>600</CATEGORY>
<TONE>2</TONE>
</CODING>
</POST>
<POST>
<USERNAME>bananasplitbrit</USERNAME>
<DATETIME></DATETIME>
<BODY>2000</BODY>
<COMMENT>(03/12/07 4:12:10 pm)</COMMENT>
</POST>
<POST>
<USERNAME>bananasplitbrit</USERNAME>
<DATETIME></DATETIME>
<BODY>2000</BODY>
<COMMENT>(03/12/07 4:12:16 pm)</COMMENT>
</POST>
<POST>
<USERNAME>rayray121980</USERNAME>
<DATETIME>(03/12/07 4:12:20 pm)</DATETIME>
<BODY>k</BODY>
<COMMENT></COMMENT>
</POST>
<POST>
<USERNAME>rayray121980</USERNAME>
<DATETIME>(03/12/07 4:12:45 pm)</DATETIME>
<BODY>so whats your address</BODY>
<COMMENT></COMMENT>
<CODING>
<VERSION>rayray121980.emjakubowski.coded.txt</VERSION>
<CATEGORY>900</CATEGORY>
<TONE>2</TONE>
</CODING>
</POST>
<POST>
<USERNAME>bananasplitbrit</USERNAME>
<DATETIME></DATETIME>
<BODY>2000</BODY>
<COMMENT>(03/12/07 4:12:49 pm)</COMMENT>
</POST>
<POST>
<USERNAME>bananasplitbrit</USERNAME>
<DATETIME></DATETIME>
<BODY>2000</BODY>
<COMMENT>(03/12/07 4:12:56 pm)</COMMENT>
</POST>
<POST>
<USERNAME>rayray121980</USERNAME>
<DATETIME>(03/12/07 4:13:09 pm)</DATETIME>
<BODY>why</BODY>
<COMMENT></COMMENT>
</POST>
<POST>
<USERNAME>bananasplitbrit</USERNAME>
<DATETIME></DATETIME>
<BODY>2000</BODY>
<COMMENT>(03/12/07 4:13:14 pm)</COMMENT>
</POST>
<POST>
<USERNAME>rayray121980</USERNAME>
<DATETIME>(03/12/07 4:13:21 pm)</DATETIME>
<BODY>hell no</BODY>
<COMMENT></COMMENT>
</POST>
<POST>
<USERNAME>rayray121980</USERNAME>
<DATETIME>(03/12/07 4:13:27 pm)</DATETIME>
<BODY>totally not</BODY>
<COMMENT></COMMENT>
</POST>
<POST>
<USERNAME>rayray121980</USERNAME>
<DATETIME>(03/12/07 4:13:42 pm)</DATETIME>
<BODY>i promise</BODY>
<COMMENT></COMMENT>
</POST>
<POST>
<USERNAME>bananasplitbrit</USERNAME>
<DATETIME></DATETIME>
<BODY>2000</BODY>
<COMMENT>(03/12/07 4:13:52 pm)</COMMENT>
</POST>
<POST>
<USERNAME>rayray121980</USERNAME>
<DATETIME>(03/12/07 4:13:56 pm)</DATETIME>
<BODY>k</BODY>
<COMMENT></COMMENT>
</POST>
<POST>
<USERNAME>bananasplitbrit</USERNAME>
<DATETIME></DATETIME>
<BODY>2000</BODY>
<COMMENT>(03/12/07 4:14:00 pm)</COMMENT>
</POST>
<POST>
<USERNAME>rayray121980</USERNAME>
<DATETIME>(03/12/07 4:14:14 pm)</DATETIME>
<BODY>when will that be</BODY>
<COMMENT></COMMENT>
</POST>
<POST>
<USERNAME>bananasplitbrit</USERNAME>
<DATETIME></DATETIME>
<BODY>2000</BODY>
<COMMENT>(03/12/07 4:14:15 pm)</COMMENT>
</POST>
<POST>
<USERNAME>rayray121980</USERNAME>
<DATETIME>(03/12/07 4:14:20 pm)</DATETIME>
<BODY>i hear that</BODY>
<COMMENT></COMMENT>
</POST>
<POST>
<USERNAME>bananasplitbrit</USERNAME>
<DATETIME></DATETIME>
<BODY>2000</BODY>
<COMMENT>(03/12/07 4:14:33 pm)</COMMENT>
</POST>
<POST>
<USERNAME>bananasplitbrit</USERNAME>
<DATETIME></DATETIME>
<BODY>2000</BODY>
<COMMENT>(03/12/07 4:14:50 pm)</COMMENT>
</POST>
<POST>
<USERNAME>bananasplitbrit</USERNAME>
<DATETIME></DATETIME>
<BODY>2000</BODY>
<COMMENT>(03/12/07 4:15:00 pm)</COMMENT>
</POST>
<POST>
<USERNAME>rayray121980</USERNAME>
<DATETIME>(03/12/07 4:15:01 pm)</DATETIME>
<BODY>no dont go</BODY>
<COMMENT></COMMENT>
</POST>
<POST>
<USERNAME>rayray121980</USERNAME>
<DATETIME>(03/12/07 4:15:07 pm)</DATETIME>
<BODY>do you have a cell</BODY>
<COMMENT></COMMENT>
</POST>
<POST>
<USERNAME>bananasplitbrit</USERNAME>
<DATETIME></DATETIME>
<BODY>2000</BODY>
<COMMENT>(03/12/07 4:15:12 pm)</COMMENT>
</POST>
<POST>
<USERNAME>bananasplitbrit</USERNAME>
<DATETIME></DATETIME>
<BODY>2000</BODY>
<COMMENT>(03/12/07 4:15:14 pm)</COMMENT>
</POST>
<POST>
<USERNAME>bananasplitbrit</USERNAME>
<DATETIME></DATETIME>
<BODY>2000</BODY>
<COMMENT>(03/12/07 4:15:18 pm)</COMMENT>
</POST>
<POST>
<USERNAME>rayray121980</USERNAME>
<DATETIME>(03/12/07 4:15:18 pm)</DATETIME>
<BODY>lol</BODY>
<COMMENT></COMMENT>
</POST>
<POST>
<USERNAME>rayray121980</USERNAME>
<DATETIME>(03/12/07 4:15:21 pm)</DATETIME>
<BODY>we are</BODY>
<COMMENT></COMMENT>
</POST>
<POST>
<USERNAME>bananasplitbrit</USERNAME>
<DATETIME></DATETIME>
<BODY>2000</BODY>
<COMMENT>(03/12/07 4:15:30 pm)</COMMENT>
</POST>
<POST>
<USERNAME>rayray121980</USERNAME>
<DATETIME>(03/12/07 4:15:35 pm)</DATETIME>
<BODY>i wont</BODY>
<COMMENT></COMMENT>
</POST>
<POST>
<USERNAME>rayray121980</USERNAME>
<DATETIME>(03/12/07 4:15:44 pm)</DATETIME>
<BODY>not even if i block it</BODY>
<COMMENT></COMMENT>
<CODING>
<VERSION>rayray121980.emjakubowski.coded.txt</VERSION>
<CATEGORY>900</CATEGORY>
<TONE>2</TONE>
</CODING>
</POST>
<POST>
<USERNAME>bananasplitbrit</USERNAME>
<DATETIME></DATETIME>
<BODY>2000</BODY>
<COMMENT>(03/12/07 4:15:55 pm)</COMMENT>
</POST>
<POST>
<USERNAME>rayray121980</USERNAME>
<DATETIME>(03/12/07 4:16:05 pm)</DATETIME>
<BODY>that sucks</BODY>
<COMMENT></COMMENT>
</POST>
<POST>
<USERNAME>bananasplitbrit</USERNAME>
<DATETIME></DATETIME>
<BODY>2000</BODY>
<COMMENT>(03/12/07 4:16:09 pm)</COMMENT>
</POST>
<POST>
<USERNAME>rayray121980</USERNAME>
<DATETIME>(03/12/07 4:16:09 pm)</DATETIME>
<BODY>sorry</BODY>
<COMMENT></COMMENT>
</POST>
<POST>
<USERNAME>bananasplitbrit</USERNAME>
<DATETIME></DATETIME>
<BODY>2000</BODY>
<COMMENT>(03/12/07 4:16:21 pm)</COMMENT>
</POST>
<POST>
<USERNAME>bananasplitbrit</USERNAME>
<DATETIME></DATETIME>
<BODY>2000</BODY>
<COMMENT>(03/12/07 4:16:24 pm)</COMMENT>
</POST>
<POST>
<USERNAME>rayray121980</USERNAME>
<DATETIME>(03/12/07 4:16:25 pm)</DATETIME>
<BODY>oh ok</BODY>
<COMMENT></COMMENT>
</POST>
<POST>
<USERNAME>rayray121980</USERNAME>
<DATETIME>(03/12/07 4:16:34 pm)</DATETIME>
<BODY>when will you call</BODY>
<COMMENT></COMMENT>
<CODING>
<VERSION>rayray121980.emjakubowski.coded.txt</VERSION>
<CATEGORY>900</CATEGORY>
<TONE>2</TONE>
</CODING>
</POST>
<POST>
<USERNAME>bananasplitbrit</USERNAME>
<DATETIME></DATETIME>
<BODY>2000</BODY>
<COMMENT>(03/12/07 4:16:46 pm)</COMMENT>
</POST>
<POST>
<USERNAME>rayray121980</USERNAME>
<DATETIME>(03/12/07 4:16:49 pm)</DATETIME>
<BODY>k</BODY>
<COMMENT></COMMENT>
</POST>
<POST>
<USERNAME>rayray121980</USERNAME>
<DATETIME>(03/12/07 4:16:53 pm)</DATETIME>
<BODY>do you want my number</BODY>
<COMMENT></COMMENT>
<CODING>
<VERSION>rayray121980.emjakubowski.coded.txt</VERSION>
<CATEGORY>200</CATEGORY>
<TONE>2</TONE>
</CODING>
</POST>
<POST>
<USERNAME>bananasplitbrit</USERNAME>
<DATETIME></DATETIME>
<BODY>2000</BODY>
<COMMENT>(03/12/07 4:17:00 pm)</COMMENT>
</POST>
<POST>
<USERNAME>rayray121980</USERNAME>
<DATETIME>(03/12/07 4:17:05 pm)</DATETIME>
<BODY>lol</BODY>
<COMMENT></COMMENT>
</POST>
<POST>
<USERNAME>bananasplitbrit</USERNAME>
<DATETIME></DATETIME>
<BODY>2000</BODY>
<COMMENT>(03/12/07 4:17:07 pm)</COMMENT>
</POST>
<POST>
<USERNAME>bananasplitbrit</USERNAME>
<DATETIME></DATETIME>
<BODY>2000</BODY>
<COMMENT>(03/12/07 4:17:12 pm)</COMMENT>
</POST>
<POST>
<USERNAME>bananasplitbrit</USERNAME>
<DATETIME></DATETIME>
<BODY>2000</BODY>
<COMMENT>(03/12/07 4:17:17 pm)</COMMENT>
</POST>
<POST>
<USERNAME>rayray121980</USERNAME>
<DATETIME>(03/12/07 4:17:17 pm)</DATETIME>
<BODY>702-358-3330</BODY>
<COMMENT></COMMENT>
<CODING>
<VERSION>rayray121980.emjakubowski.coded.txt</VERSION>
<CATEGORY>200</CATEGORY>
<TONE>3</TONE>
</CODING>
</POST>
<POST>
<USERNAME>rayray121980</USERNAME>
<DATETIME>(03/12/07 4:17:22 pm)</DATETIME>
<BODY>lol</BODY>
<COMMENT></COMMENT>
</POST>
<POST>
<USERNAME>bananasplitbrit</USERNAME>
<DATETIME></DATETIME>
<BODY>2000</BODY>
<COMMENT>(03/12/07 4:17:32 pm)</COMMENT>
</POST>
<POST>
<USERNAME>rayray121980</USERNAME>
<DATETIME>(03/12/07 4:17:37 pm)</DATETIME>
<BODY>k</BODY>
<COMMENT></COMMENT>
</POST>
<POST>
<USERNAME>rayray121980</USERNAME>
<DATETIME>(03/12/07 4:17:42 pm)</DATETIME>
<BODY>i hope i can come over tonight</BODY>
<COMMENT></COMMENT>
<CODING>
<VERSION>rayray121980.emjakubowski.coded.txt</VERSION>
<CATEGORY>900</CATEGORY>
<TONE>1</TONE>
</CODING>
</POST>
<POST>
<USERNAME>bananasplitbrit</USERNAME>
<DATETIME></DATETIME>
<BODY>2000</BODY>
<COMMENT>(03/12/07 4:17:42 pm)</COMMENT>
</POST>
<POST>
<USERNAME>rayray121980</USERNAME>
<DATETIME>(03/12/07 4:17:45 pm)</DATETIME>
<BODY>that would be cool</BODY>
<COMMENT></COMMENT>
</POST>
<POST>
<USERNAME>rayray121980</USERNAME>
<DATETIME>(03/12/07 4:17:46 pm)</DATETIME>
<BODY>yes</BODY>
<COMMENT></COMMENT>
</POST>
<POST>
<USERNAME>rayray121980</USERNAME>
<DATETIME>(03/12/07 4:17:54 pm)</DATETIME>
<BODY>unless you just want to sign on back here</BODY>
<COMMENT></COMMENT>
</POST>
<POST>
<USERNAME>bananasplitbrit</USERNAME>
<DATETIME></DATETIME>
<BODY>2000</BODY>
<COMMENT>(03/12/07 4:17:56 pm)</COMMENT>
</POST>
<POST>
<USERNAME>bananasplitbrit</USERNAME>
<DATETIME></DATETIME>
<BODY>2000</BODY>
<COMMENT>(03/12/07 4:18:17 pm)</COMMENT>
</POST>
<POST>
<USERNAME>rayray121980</USERNAME>
<DATETIME>(03/12/07 4:18:19 pm)</DATETIME>
<BODY>k</BODY>
<COMMENT></COMMENT>
</POST>
<POST>
<USERNAME>rayray121980</USERNAME>
<DATETIME>(03/12/07 4:18:21 pm)</DATETIME>
<BODY>call me</BODY>
<COMMENT></COMMENT>
<CODING>
<VERSION>rayray121980.emjakubowski.coded.txt</VERSION>
<CATEGORY>900</CATEGORY>
<TONE>1</TONE>
</CODING>
</POST>
<POST>
<USERNAME>bananasplitbrit</USERNAME>
<DATETIME></DATETIME>
<BODY>2000</BODY>
<COMMENT>(03/12/07 4:18:23 pm)</COMMENT>
</POST>
<POST>
<USERNAME>bananasplitbrit</USERNAME>
<DATETIME></DATETIME>
<BODY>2000</BODY>
<COMMENT>(03/12/07 4:18:27 pm)</COMMENT>
</POST>
<POST>
<USERNAME>rayray121980</USERNAME>
<DATETIME>(03/12/07 4:18:27 pm)</DATETIME>
<BODY>bye baby</BODY>
<COMMENT></COMMENT>
</POST>
<POST>
<USERNAME>bananasplitbrit</USERNAME>
<DATETIME></DATETIME>
<BODY>2000</BODY>
<COMMENT>(03/12/07 4:18:31 pm)</COMMENT>
</POST>
<POST>
<USERNAME>rayray121980</USERNAME>
<DATETIME>(03/12/07 4:18:33 pm)</DATETIME>
<BODY>:-h</BODY>
<COMMENT></COMMENT>
</POST>
<POST>
<USERNAME>rayray121980</USERNAME>
<DATETIME>(03/12/07 4:18:37 pm)</DATETIME>
<BODY>>:d<</BODY>
<COMMENT></COMMENT>
</POST>
<POST>
<USERNAME>bananasplitbrit</USERNAME>
<DATETIME></DATETIME>
<BODY>2000</BODY>
<COMMENT>(03/12/07 4:28:52 pm)</COMMENT>
</POST>
<POST>
<USERNAME>rayray121980</USERNAME>
<DATETIME>(03/12/07 4:58:36 pm)</DATETIME>
<BODY>hey i added you</BODY>
<COMMENT></COMMENT>
</POST>
<POST>
<USERNAME>rayray121980</USERNAME>
<DATETIME>(03/12/07 4:58:42 pm)</DATETIME>
<BODY>ttyl</BODY>
<COMMENT></COMMENT>
</POST>
<POST>
<USERNAME>rayray121980</USERNAME>
<DATETIME>(03/12/07 4:59:58 pm)</DATETIME>
<BODY>hey cutie</BODY>
<COMMENT></COMMENT>
</POST>
<POST>
<USERNAME>rayray121980</USERNAME>
<DATETIME>(03/12/07 5:00:48 pm)</DATETIME>
<BODY>u there</BODY>
<COMMENT></COMMENT>
</POST>
<POST>
<USERNAME>bananasplitbrit</USERNAME>
<DATETIME></DATETIME>
<BODY>2000</BODY>
<COMMENT>(03/12/07 5:01:10 pm)</COMMENT>
</POST>
<POST>
<USERNAME>rayray121980</USERNAME>
<DATETIME>(03/12/07 5:01:14 pm)</DATETIME>
<BODY>k</BODY>
<COMMENT></COMMENT>
</POST>
<POST>
<USERNAME>rayray121980</USERNAME>
<DATETIME>(03/12/07 5:06:04 pm)</DATETIME>
<BODY>:-*</BODY>
<COMMENT></COMMENT>
</POST>
<POST>
<USERNAME>rayray121980</USERNAME>
<DATETIME>(03/12/07 5:37:46 pm)</DATETIME>
<BODY>are you done</BODY>
<COMMENT></COMMENT>
</POST>
<POST>
<USERNAME></USERNAME>
<DATETIME></DATETIME>
<BODY>--------------------------------------------------------------------------------</BODY>
<COMMENT></COMMENT>
</POST>
</CHATLOG>